"","sido_kr","sigungu_kr","sigungu_1_kr","sigungu_2_kr","sido_en","sigun_en","sigungu_1_en","sigungu_2_en","sdsgg_en","base_year","tax_exclude","sigungu_cd","sgg_tax_global","sgg_tax_income","sgg_industry"
"1","서울특별시","종로구","종로구","종로구","Seoul","Jongno-gu","Jongno-gu","Jongno-gu","Jongno-gu Seoul",2020,NA,11010,"A0223","A0123",11010
"2","서울특별시","중구","중구","중구","Seoul","Jung-gu","Jung-gu","Jung-gu","Jung-gu Seoul",2020,NA,11020,"A0224","A0124",11020
"3","서울특별시","용산구","용산구","용산구","Seoul","Yongsan-gu","Yongsan-gu","Yongsan-gu","Yongsan-gu Seoul",2020,NA,11030,"A0221","A0121",11030
"4","서울특별시","성동구","성동구","성동구","Seoul","Seongdong-gu","Seongdong-gu","Seongdong-gu","Seongdong-gu Seoul",2020,NA,11040,"A0216","A0116",11040
"5","서울특별시","광진구","광진구","광진구","Seoul","Gwangjin-gu","Gwangjin-gu","Gwangjin-gu","Gwangjin-gu Seoul",2020,NA,11050,"A0206","A0106",11050
"6","서울특별시","동대문구","동대문구","동대문구","Seoul","Dongdaemun-gu","Dongdaemun-gu","Dongdaemun-gu","Dongdaemun-gu Seoul",2020,NA,11060,"A0211","A0111",11060
"7","서울특별시","중랑구","중랑구","중랑구","Seoul","Jungnang-gu","Jungnang-gu","Jungnang-gu","Jungnang-gu Seoul",2020,NA,11070,"A0225","A0125",11070
"8","서울특별시","성북구","성북구","성북구","Seoul","Seongbuk-gu","Seongbuk-gu","Seongbuk-gu","Seongbuk-gu Seoul",2020,NA,11080,"A0217","A0117",11080
"9","서울특별시","강북구","강북구","강북구","Seoul","Gangbuk-gu","Gangbuk-gu","Gangbuk-gu","Gangbuk-gu Seoul",2020,NA,11090,"A0203","A0103",11090
"10","서울특별시","도봉구","도봉구","도봉구","Seoul","Dobong-gu","Dobong-gu","Dobong-gu","Dobong-gu Seoul",2020,NA,11100,"A0210","A0110",11100
"11","서울특별시","노원구","노원구","노원구","Seoul","Nowon-gu","Nowon-gu","Nowon-gu","Nowon-gu Seoul",2020,NA,11110,"A0209","A0109",11110
"12","서울특별시","은평구","은평구","은평구","Seoul","Eunpyeong-gu","Eunpyeong-gu","Eunpyeong-gu","Eunpyeong-gu Seoul",2020,NA,11120,"A0222","A0122",11120
"13","서울특별시","서대문구","서대문구","서대문구","Seoul","Seodaemun-gu","Seodaemun-gu","Seodaemun-gu","Seodaemun-gu Seoul",2020,NA,11130,"A0214","A0114",11130
"14","서울특별시","마포구","마포구","마포구","Seoul","Mapo-gu","Mapo-gu","Mapo-gu","Mapo-gu Seoul",2020,NA,11140,"A0213","A0113",11140
"15","서울특별시","양천구","양천구","양천구","Seoul","Yangcheon-gu","Yangcheon-gu","Yangcheon-gu","Yangcheon-gu Seoul",2020,NA,11150,"A0219","A0119",11150
"16","서울특별시","강서구","강서구","강서구","Seoul","Gangseo-gu","Gangseo-gu","Gangseo-gu","Gangseo-gu Seoul",2020,NA,11160,"A0204","A0104",11160
"17","서울특별시","구로구","구로구","구로구","Seoul","Guro-gu","Guro-gu","Guro-gu","Guro-gu Seoul",2020,NA,11170,"A0207","A0107",11170
"18","서울특별시","금천구","금천구","금천구","Seoul","Geumcheon-gu","Geumcheon-gu","Geumcheon-gu","Geumcheon-gu Seoul",2020,NA,11180,"A0208","A0108",11180
"19","서울특별시","영등포구","영등포구","영등포구","Seoul","Yeongdeungpo-gu","Yeongdeungpo-gu","Yeongdeungpo-gu","Yeongdeungpo-gu Seoul",2020,NA,11190,"A0220","A0120",11190
"20","서울특별시","동작구","동작구","동작구","Seoul","Dongjak-gu","Dongjak-gu","Dongjak-gu","Dongjak-gu Seoul",2020,NA,11200,"A0212","A0112",11200
"21","서울특별시","관악구","관악구","관악구","Seoul","Gwanak-gu","Gwanak-gu","Gwanak-gu","Gwanak-gu Seoul",2020,NA,11210,"A0205","A0105",11210
"22","서울특별시","서초구","서초구","서초구","Seoul","Seocho-gu","Seocho-gu","Seocho-gu","Seocho-gu Seoul",2020,NA,11220,"A0215","A0115",11220
"23","서울특별시","강남구","강남구","강남구","Seoul","Gangnam-gu","Gangnam-gu","Gangnam-gu","Gangnam-gu Seoul",2020,NA,11230,"A0201","A0101",11230
"24","서울특별시","송파구","송파구","송파구","Seoul","Songpa-gu","Songpa-gu","Songpa-gu","Songpa-gu Seoul",2020,NA,11240,"A0218","A0118",11240
"25","서울특별시","강동구","강동구","강동구","Seoul","Gangdong-gu","Gangdong-gu","Gangdong-gu","Gangdong-gu Seoul",2020,NA,11250,"A0202","A0102",11250
"26","부산광역시","중구","중구","중구","Busan","Jung-gu","Jung-gu","Jung-gu","Jung-gu Busan",2020,NA,21010,"A1515","A1415",21010
"27","부산광역시","서구","서구","서구","Busan","Seo-gu","Seo-gu","Seo-gu","Seo-gu Busan",2020,NA,21020,"A1511","A1411",21020
"28","부산광역시","동구","동구","동구","Busan","Dong-gu","Dong-gu","Dong-gu","Dong-gu Busan",2020,NA,21030,"A1505","A1405",21030
"29","부산광역시","영도구","영도구","영도구","Busan","Yeongdo-gu","Yeongdo-gu","Yeongdo-gu","Yeongdo-gu Busan",2020,NA,21040,"A1514","A1414",21040
"30","부산광역시","부산진구","부산진구","부산진구","Busan","Busanjin-gu","Busanjin-gu","Busanjin-gu","Busanjin-gu Busan",2020,NA,21050,"A1507","A1407",21050
"31","부산광역시","동래구","동래구","동래구","Busan","Dongnae-gu","Dongnae-gu","Dongnae-gu","Dongnae-gu Busan",2020,NA,21060,"A1506","A1406",21060
"32","부산광역시","남구","남구","남구","Busan","Nam-gu","Nam-gu","Nam-gu","Nam-gu Busan",2020,NA,21070,"A1504","A1404",21070
"33","부산광역시","북구","북구","북구","Busan","Buk-gu","Buk-gu","Buk-gu","Buk-gu Busan",2020,NA,21080,"A1508","A1408",21080
"34","부산광역시","해운대구","해운대구","해운대구","Busan","Haeundae-gu","Haeundae-gu","Haeundae-gu","Haeundae-gu Busan",2020,NA,21090,"A1516","A1416",21090
"35","부산광역시","사하구","사하구","사하구","Busan","Saha-gu","Saha-gu","Saha-gu","Saha-gu Busan",2020,NA,21100,"A1510","A1410",21100
"36","부산광역시","금정구","금정구","금정구","Busan","Geumjeong-gu","Geumjeong-gu","Geumjeong-gu","Geumjeong-gu Busan",2020,NA,21110,"A1502","A1402",21110
"37","부산광역시","강서구","강서구","강서구","Busan","Gangseo-gu","Gangseo-gu","Gangseo-gu","Gangseo-gu Busan",2020,NA,21120,"A1501","A1401",21120
"38","부산광역시","연제구","연제구","연제구","Busan","Yeonje-gu","Yeonje-gu","Yeonje-gu","Yeonje-gu Busan",2020,NA,21130,"A1513","A1413",21130
"39","부산광역시","수영구","수영구","수영구","Busan","Suyeong-gu","Suyeong-gu","Suyeong-gu","Suyeong-gu Busan",2020,NA,21140,"A1512","A1412",21140
"40","부산광역시","사상구","사상구","사상구","Busan","Sasang-gu","Sasang-gu","Sasang-gu","Sasang-gu Busan",2020,NA,21150,"A1509","A1409",21150
"41","부산광역시","기장군","기장군","기장군","Busan","Gijang-gun","Gijang-gun","Gijang-gun","Gijang-gun Busan",2020,NA,21510,"A1503","A1403",21310
"42","대구광역시","중구","중구","중구","Daegu","Jung-gu","Jung-gu","Jung-gu","Jung-gu Daegu",2020,NA,22010,"A1308","A1208",22010
"43","대구광역시","동구","동구","동구","Daegu","Dong-gu","Dong-gu","Dong-gu","Dong-gu Daegu",2020,NA,22020,"A1304","A1204",22020
"44","대구광역시","서구","서구","서구","Daegu","Seo-gu","Seo-gu","Seo-gu","Seo-gu Daegu",2020,NA,22030,"A1306","A1206",22030
"45","대구광역시","남구","남구","남구","Daegu","Nam-gu","Nam-gu","Nam-gu","Nam-gu Daegu",2020,NA,22040,"A1301","A1201",22040
"46","대구광역시","북구","북구","북구","Daegu","Buk-gu","Buk-gu","Buk-gu","Buk-gu Daegu",2020,NA,22050,"A1305","A1205",22050
"47","대구광역시","수성구","수성구","수성구","Daegu","Suseong-gu","Suseong-gu","Suseong-gu","Suseong-gu Daegu",2020,NA,22060,"A1307","A1207",22060
"48","대구광역시","달서구","달서구","달서구","Daegu","Dalseo-gu","Dalseo-gu","Dalseo-gu","Dalseo-gu Daegu",2020,NA,22070,"A1302","A1202",22070
"49","대구광역시","달성군","달성군","달성군","Daegu","Dalseong-gun","Dalseong-gun","Dalseong-gun","Dalseong-gun Daegu",2020,NA,22510,"A1303","A1203",22310
"50","인천광역시","중구","중구","중구","Incheon","Jung-gu","Jung-gu","Jung-gu","Jung-gu Incheon",2020,NA,23010,"A0310","A0210",23010
"51","인천광역시","동구","동구","동구","Incheon","Dong-gu","Dong-gu","Dong-gu","Dong-gu Incheon",2020,NA,23020,"A0304","A0205",23020
"52","인천광역시","남구","남구","남구","Incheon","Nam-gu","Nam-gu","Nam-gu","Nam-gu Incheon",2015,NA,NA,"","",23030
"53","인천광역시","연수구","연수구","연수구","Incheon","Yeonsu-gu","Yeonsu-gu","Yeonsu-gu","Yeonsu-gu Incheon",2020,NA,23040,"A0308","A0208",23040
"54","인천광역시","남동구","남동구","남동구","Incheon","Namdong-gu","Namdong-gu","Namdong-gu","Namdong-gu Incheon",2020,NA,23050,"A0303","A0204",23050
"55","인천광역시","부평구","부평구","부평구","Incheon","Bupyeong-gu","Bupyeong-gu","Bupyeong-gu","Bupyeong-gu Incheon",2020,NA,23060,"A0306","A0206",23060
"56","인천광역시","계양구","계양구","계양구","Incheon","Gyeyang-gu","Gyeyang-gu","Gyeyang-gu","Gyeyang-gu Incheon",2020,NA,23070,"A0302","A0202",23070
"57","인천광역시","서구","서구","서구","Incheon","Seo-gu","Seo-gu","Seo-gu","Seo-gu Incheon",2020,NA,23080,"A0307","A0207",23080
"58","인천광역시","미추홀구","미추홀구","미추홀구","Incheon","Michuhol-gu","Michuhol-gu","Michuhol-gu","Michuhol-gu Incheon",2020,NA,23090,"A0305","A0203",23090
"59","인천광역시","강화군","강화군","강화군","Incheon","Ganghwa-gun","Ganghwa-gun","Ganghwa-gun","Ganghwa-gun Incheon",2020,NA,23510,"A0301","A0201",23310
"60","인천광역시","옹진군","옹진군","옹진군","Incheon","Ongjin-gun","Ongjin-gun","Ongjin-gun","Ongjin-gun Incheon",2020,NA,23520,"A0309","A0209",23320
"61","광주광역시","동구","동구","동구","Gwangju","Dong-gu","Dong-gu","Dong-gu","Dong-gu Gwangju",2020,NA,24010,"A1003","A0903",24010
"62","광주광역시","서구","서구","서구","Gwangju","Seo-gu","Seo-gu","Seo-gu","Seo-gu Gwangju",2020,NA,24020,"A1005","A0905",24020
"63","광주광역시","남구","남구","남구","Gwangju","Nam-gu","Nam-gu","Nam-gu","Nam-gu Gwangju",2020,NA,24030,"A1002","A0902",24030
"64","광주광역시","북구","북구","북구","Gwangju","Buk-gu","Buk-gu","Buk-gu","Buk-gu Gwangju",2020,NA,24040,"A1004","A0904",24040
"65","광주광역시","광산구","광산구","광산구","Gwangju","Gwangsan-gu","Gwangsan-gu","Gwangsan-gu","Gwangsan-gu Gwangju",2020,NA,24050,"A1001","A0901",24050
"66","대전광역시","동구","동구","동구","Daejeon","Dong-gu","Dong-gu","Dong-gu","Dong-gu Daejeon",2020,NA,25010,"A0602","A0502",25010
"67","대전광역시","중구","중구","중구","Daejeon","Jung-gu","Jung-gu","Jung-gu","Jung-gu Daejeon",2020,NA,25020,"A0605","A0505",25020
"68","대전광역시","서구","서구","서구","Daejeon","Seo-gu","Seo-gu","Seo-gu","Seo-gu Daejeon",2020,NA,25030,"A0603","A0503",25030
"69","대전광역시","유성구","유성구","유성구","Daejeon","Yuseong-gu","Yuseong-gu","Yuseong-gu","Yuseong-gu Daejeon",2020,NA,25040,"A0604","A0504",25040
"70","대전광역시","대덕구","대덕구","대덕구","Daejeon","Daedeok-gu","Daedeok-gu","Daedeok-gu","Daedeok-gu Daejeon",2020,NA,25050,"A0601","A0501",25050
"71","울산광역시","중구","중구","중구","Ulsan","Jung-gu","Jung-gu","Jung-gu","Jung-gu Ulsan",2020,NA,26010,"A1605","A1505",26010
"72","울산광역시","남구","남구","남구","Ulsan","Nam-gu","Nam-gu","Nam-gu","Nam-gu Ulsan",2020,NA,26020,"A1601","A1501",26020
"73","울산광역시","동구","동구","동구","Ulsan","Dong-gu","Dong-gu","Dong-gu","Dong-gu Ulsan",2020,NA,26030,"A1602","A1502",26030
"74","울산광역시","북구","북구","북구","Ulsan","Buk-gu","Buk-gu","Buk-gu","Buk-gu Ulsan",2020,NA,26040,"A1603","A1503",26040
"75","울산광역시","울주군","울주군","울주군","Ulsan","Ulju-gun","Ulju-gun","Ulju-gun","Ulju-gun Ulsan",2020,NA,26510,"A1604","A1504",26310
"76","세종특별자치시","세종시","세종시","세종시","Sejong City","Sejong City","Sejong City","Sejong City","Sejong City Sejong City",2020,NA,29010,"A09","A08",29010
"77","경기도","수원시","수원시","","Gyeonggi-do","Suwon-si","Suwon-si","Suwon-si","Suwon-si Gyeonggi-do",2020,NA,31010,"A0413","A0313",31010
"78","경기도","수원시 장안구","수원시","장안구","Gyeonggi-do","Suwon-si","Jangan-gu","Jangan-gu Suwon-si","Jangan-gu Suwon-si Gyeonggi-do",2020,NA,31011,"A0413","A0313",31011
"79","경기도","수원시 권선구","수원시","권선구","Gyeonggi-do","Suwon-si","Gwonseon-gu","Gwonseon-gu Suwon-si","Gwonseon-gu Suwon-si Gyeonggi-do",2020,NA,31012,"A0413","A0313",31012
"80","경기도","수원시 팔달구","수원시","팔달구","Gyeonggi-do","Suwon-si","Paldal-gu","Paldal-gu Suwon-si","Paldal-gu Suwon-si Gyeonggi-do",2020,NA,31013,"A0413","A0313",31013
"81","경기도","수원시 영통구","수원시","영통구","Gyeonggi-do","Suwon-si","Yeongtong-gu","Yeongtong-gu Suwon-si","Yeongtong-gu Suwon-si Gyeonggi-do",2020,NA,31014,"A0413","A0313",31014
"82","경기도","성남시","성남시","","Gyeonggi-do","Seongnam-si","Seongnam-si","Seongnam-si","Seongnam-si Gyeonggi-do",2020,NA,31020,"A0412","A0312",31020
"83","경기도","성남시 수정구","성남시","수정구","Gyeonggi-do","Seongnam-si","Sujeong-gu","Sujeong-gu Seongnam-si","Sujeong-gu Seongnam-si Gyeonggi-do",2020,NA,31021,"A0412","A0312",31021
"84","경기도","성남시 중원구","성남시","중원구","Gyeonggi-do","Seongnam-si","Jungwon-gu","Jungwon-gu Seongnam-si","Jungwon-gu Seongnam-si Gyeonggi-do",2020,NA,31022,"A0412","A0312",31022
"85","경기도","성남시 분당구","성남시","분당구","Gyeonggi-do","Seongnam-si","Bundang-gu","Bundang-gu Seongnam-si","Bundang-gu Seongnam-si Gyeonggi-do",2020,NA,31023,"A0412","A0312",31023
"86","경기도","의정부시","의정부시","의정부시","Gyeonggi-do","Uijeongbu-si","Uijeongbu-si","Uijeongbu-si","Uijeongbu-si Gyeonggi-do",2020,NA,31030,"A0425","A0325",31030
"87","경기도","안양시","안양시","","Gyeonggi-do","Anyang-si","Anyang-si","Anyang-si","Anyang-si Gyeonggi-do",2020,NA,31040,"A0417","A0317",31040
"88","경기도","안양시 만안구","안양시","만안구","Gyeonggi-do","Anyang-si","Manan-gu","Manan-gu Anyang-si","Manan-gu Anyang-si Gyeonggi-do",2020,NA,31041,"A0417","A0317",31041
"89","경기도","안양시 동안구","안양시","동안구","Gyeonggi-do","Anyang-si","Dongan-gu","Dongan-gu Anyang-si","Dongan-gu Anyang-si Gyeonggi-do",2020,NA,31042,"A0417","A0317",31042
"90","경기도","부천시","부천시","부천시","Gyeonggi-do","Bucheon-si","Bucheon-si","Bucheon-si","Bucheon-si Gyeonggi-do",2020,NA,31050,"A0411","A0311",31050
"91","경기도","부천시 원미구","부천시","원미구","Gyeonggi-do","Bucheon-si","Wonmi-gu","Wonmi-gu Bucheon-si","Wonmi-gu Bucheon-si Gyeonggi-do",2015,NA,NA,"","",31051
"92","경기도","부천시 소사구","부천시","소사구","Gyeonggi-do","Bucheon-si","Sosa-gu","Sosa-gu Bucheon-si","Sosa-gu Bucheon-si Gyeonggi-do",2015,NA,NA,"","",31052
"93","경기도","부천시 오정구","부천시","오정구","Gyeonggi-do","Bucheon-si","Ojeong-gu","Ojeong-gu Bucheon-si","Ojeong-gu Bucheon-si Gyeonggi-do",2015,NA,NA,"","",31053
"94","경기도","광명시","광명시","광명시","Gyeonggi-do","Gwangmyeong-si","Gwangmyeong-si","Gwangmyeong-si","Gwangmyeong-si Gyeonggi-do",2020,NA,31060,"A0404","A0304",31060
"95","경기도","평택시","평택시","평택시","Gyeonggi-do","Pyeongtaek-si","Pyeongtaek-si","Pyeongtaek-si","Pyeongtaek-si Gyeonggi-do",2020,NA,31070,"A0428","A0328",31070
"96","경기도","동두천시","동두천시","동두천시","Gyeonggi-do","Dongducheon-si","Dongducheon-si","Dongducheon-si","Dongducheon-si Gyeonggi-do",2020,NA,31080,"A0410","A0310",31080
"97","경기도","안산시","안산시","","Gyeonggi-do","Ansan-si","Ansan-si","Ansan-si","Ansan-si Gyeonggi-do",2020,NA,31090,"A0415","A0315",31090
"98","경기도","안산시 상록구","안산시","상록구","Gyeonggi-do","Ansan-si","Sangnok-gu","Sangnok-gu Ansan-si","Sangnok-gu Ansan-si Gyeonggi-do",2020,NA,31091,"A0415","A0315",31091
"99","경기도","안산시 단원구","안산시","단원구","Gyeonggi-do","Ansan-si","Danwon-gu","Danwon-gu Ansan-si","Danwon-gu Ansan-si Gyeonggi-do",2020,NA,31092,"A0415","A0315",31092
"100","경기도","고양시","고양시","","Gyeonggi-do","Goyang-si","Goyang-si","Goyang-si","Goyang-si Gyeonggi-do",2020,NA,31100,"A0402","A0302",31100
"101","경기도","고양시 덕양구","고양시","덕양구","Gyeonggi-do","Goyang-si","Deogyang-gu","Deogyang-gu Goyang-si","Deogyang-gu Goyang-si Gyeonggi-do",2020,NA,31101,"A0402","A0302",31101
"102","경기도","고양시 일산동구","고양시","일산동구","Gyeonggi-do","Goyang-si","Ilsandong-gu","Ilsandong-gu Goyang-si","Ilsandong-gu Goyang-si Gyeonggi-do",2020,NA,31103,"A0402","A0302",31103
"103","경기도","고양시 일산서구","고양시","일산서구","Gyeonggi-do","Goyang-si","Ilsanseo-gu","Ilsanseo-gu Goyang-si","Ilsanseo-gu Goyang-si Gyeonggi-do",2020,NA,31104,"A0402","A0302",31104
"104","경기도","과천시","과천시","과천시","Gyeonggi-do","Gwacheon-si","Gwacheon-si","Gwacheon-si","Gwacheon-si Gyeonggi-do",2020,NA,31110,"A0403","A0303",31110
"105","경기도","구리시","구리시","구리시","Gyeonggi-do","Guri-si","Guri-si","Guri-si","Guri-si Gyeonggi-do",2020,NA,31120,"A0406","A0306",31120
"106","경기도","남양주시","남양주시","남양주시","Gyeonggi-do","Namyangju-si","Namyangju-si","Namyangju-si","Namyangju-si Gyeonggi-do",2020,NA,31130,"A0409","A0309",31130
"107","경기도","오산시","오산시","오산시","Gyeonggi-do","Osan-si","Osan-si","Osan-si","Osan-si Gyeonggi-do",2020,NA,31140,"A0422","A0322",31140
"108","경기도","시흥시","시흥시","시흥시","Gyeonggi-do","Siheung-si","Siheung-si","Siheung-si","Siheung-si Gyeonggi-do",2020,NA,31150,"A0414","A0314",31150
"109","경기도","군포시","군포시","군포시","Gyeonggi-do","Gunpo-si","Gunpo-si","Gunpo-si","Gunpo-si Gyeonggi-do",2020,NA,31160,"A0407","A0307",31160
"110","경기도","의왕시","의왕시","의왕시","Gyeonggi-do","Uiwang-si","Uiwang-si","Uiwang-si","Uiwang-si Gyeonggi-do",2020,NA,31170,"A0424","A0324",31170
"111","경기도","하남시","하남시","하남시","Gyeonggi-do","Hanam-si","Hanam-si","Hanam-si","Hanam-si Gyeonggi-do",2020,NA,31180,"A0430","A0330",31180
"112","경기도","용인시","용인시","","Gyeonggi-do","Yongin-si","Yongin-si","Yongin-si","Yongin-si Gyeonggi-do",2020,NA,31190,"A0423","A0323",31190
"113","경기도","용인시 처인구","용인시","처인구","Gyeonggi-do","Yongin-si","Cheoin-gu","Cheoin-gu Yongin-si","Cheoin-gu Yongin-si Gyeonggi-do",2020,NA,31191,"A0423","A0323",31191
"114","경기도","용인시 기흥구","용인시","기흥구","Gyeonggi-do","Yongin-si","Giheung-gu","Giheung-gu Yongin-si","Giheung-gu Yongin-si Gyeonggi-do",2020,NA,31192,"A0423","A0323",31192
"115","경기도","용인시 수지구","용인시","수지구","Gyeonggi-do","Yongin-si","Suji-gu","Suji-gu Yongin-si","Suji-gu Yongin-si Gyeonggi-do",2020,NA,31193,"A0423","A0323",31193
"116","경기도","파주시","파주시","파주시","Gyeonggi-do","Paju-si","Paju-si","Paju-si","Paju-si Gyeonggi-do",2020,NA,31200,"A0427","A0327",31200
"117","경기도","이천시","이천시","이천시","Gyeonggi-do","Icheon-si","Icheon-si","Icheon-si","Icheon-si Gyeonggi-do",2020,NA,31210,"A0426","A0326",31210
"118","경기도","안성시","안성시","안성시","Gyeonggi-do","Anseong-si","Anseong-si","Anseong-si","Anseong-si Gyeonggi-do",2020,NA,31220,"A0416","A0316",31220
"119","경기도","김포시","김포시","김포시","Gyeonggi-do","Gimpo-si","Gimpo-si","Gimpo-si","Gimpo-si Gyeonggi-do",2020,NA,31230,"A0408","A0308",31230
"120","경기도","화성시","화성시","화성시","Gyeonggi-do","Hwaseong-si","Hwaseong-si","Hwaseong-si","Hwaseong-si Gyeonggi-do",2020,NA,31240,"A0431","A0331",31240
"121","경기도","광주시","광주시","광주시","Gyeonggi-do","Gwangju-si","Gwangju-si","Gwangju-si","Gwangju-si Gyeonggi-do",2020,NA,31250,"A0405","A0305",31250
"122","경기도","양주시","양주시","양주시","Gyeonggi-do","Yangju-si","Yangju-si","Yangju-si","Yangju-si Gyeonggi-do",2020,NA,31260,"A0418","A0318",31260
"123","경기도","포천시","포천시","포천시","Gyeonggi-do","Pocheon-si","Pocheon-si","Pocheon-si","Pocheon-si Gyeonggi-do",2020,NA,31270,"A0429","A0329",31270
"124","경기도","여주시","여주시","여주시","Gyeonggi-do","Yeoju-si","Yeoju-si","Yeoju-si","Yeoju-si Gyeonggi-do",2020,NA,31280,"A0420","A0320",31280
"125","경기도","여주시","여주시","여주시","Gyeonggi-do","Yeoju-si","Yeoju-si","Yeoju-si","Yeoju-si Gyeonggi-do",2010,NA,NA,"","",31320
"126","경기도","연천군","연천군","연천군","Gyeonggi-do","Yeoncheon-gun","Yeoncheon-gun","Yeoncheon-gun","Yeoncheon-gun Gyeonggi-do",2020,NA,31550,"A0421","A0321",31350
"127","경기도","가평군","가평군","가평군","Gyeonggi-do","Gapyeong-gun","Gapyeong-gun","Gapyeong-gun","Gapyeong-gun Gyeonggi-do",2020,NA,31570,"A0401","A0301",31370
"128","경기도","양평군","양평군","양평군","Gyeonggi-do","Yangpyeong-gun","Yangpyeong-gun","Yangpyeong-gun","Yangpyeong-gun Gyeonggi-do",2020,NA,31580,"A0419","A0319",31380
"129","강원특별자치도","춘천시","춘천시","춘천시","Gangwon State","Chuncheon-si","Chuncheon-si","Chuncheon-si","Chuncheon-si Gangwon State",2020,NA,32010,"A0513","A0413",32010
"130","강원특별자치도","원주시","원주시","원주시","Gangwon State","Wonju-si","Wonju-si","Wonju-si","Wonju-si Gangwon State",2020,NA,32020,"A0509","A0409",32020
"131","강원특별자치도","강릉시","강릉시","강릉시","Gangwon State","Gangneung-si","Gangneung-si","Gangneung-si","Gangneung-si Gangwon State",2020,NA,32030,"A0501","A0401",32030
"132","강원특별자치도","동해시","동해시","동해시","Gangwon State","Donghae-si","Donghae-si","Donghae-si","Donghae-si Gangwon State",2020,NA,32040,"A0503","A0403",32040
"133","강원특별자치도","태백시","태백시","태백시","Gangwon State","Taebaek-si","Taebaek-si","Taebaek-si","Taebaek-si Gangwon State",2020,NA,32050,"A0514","A0414",32050
"134","강원특별자치도","속초시","속초시","속초시","Gangwon State","Sokcho-si","Sokcho-si","Sokcho-si","Sokcho-si Gangwon State",2020,NA,32060,"A0505","A0405",32060
"135","강원특별자치도","삼척시","삼척시","삼척시","Gangwon State","Samcheok-si","Samcheok-si","Samcheok-si","Samcheok-si Gangwon State",2020,NA,32070,"A0504","A0404",32070
"136","강원특별자치도","홍천군","홍천군","홍천군","Gangwon State","Hongcheon-gun","Hongcheon-gun","Hongcheon-gun","Hongcheon-gun Gangwon State",2020,NA,32510,"A0516","A0416",32310
"137","강원특별자치도","횡성군","횡성군","횡성군","Gangwon State","Hoengseong-gun","Hoengseong-gun","Hoengseong-gun","Hoengseong-gun Gangwon State",2020,NA,32520,"A0518","A0418",32320
"138","강원특별자치도","영월군","영월군","영월군","Gangwon State","Yeongwol-gun","Yeongwol-gun","Yeongwol-gun","Yeongwol-gun Gangwon State",2020,NA,32530,"A0508","A0408",32330
"139","강원특별자치도","평창군","평창군","평창군","Gangwon State","Pyeongchang-gun","Pyeongchang-gun","Pyeongchang-gun","Pyeongchang-gun Gangwon State",2020,NA,32540,"A0515","A0415",32340
"140","강원특별자치도","정선군","정선군","정선군","Gangwon State","Jeongseon-gun","Jeongseon-gun","Jeongseon-gun","Jeongseon-gun Gangwon State",2020,NA,32550,"A0511","A0411",32350
"141","강원특별자치도","철원군","철원군","철원군","Gangwon State","Cheorwon-gun","Cheorwon-gun","Cheorwon-gun","Cheorwon-gun Gangwon State",2020,NA,32560,"A0512","A0412",32360
"142","강원특별자치도","화천군","화천군","화천군","Gangwon State","Hwacheon-gun","Hwacheon-gun","Hwacheon-gun","Hwacheon-gun Gangwon State",2020,NA,32570,"A0517","A0417",32370
"143","강원특별자치도","양구군","양구군","양구군","Gangwon State","Yanggu-gun","Yanggu-gun","Yanggu-gun","Yanggu-gun Gangwon State",2020,NA,32580,"A0506","A0406",32380
"144","강원특별자치도","인제군","인제군","인제군","Gangwon State","Inje-gun","Inje-gun","Inje-gun","Inje-gun Gangwon State",2020,NA,32590,"A0510","A0410",32390
"145","강원특별자치도","고성군","고성군","고성군","Gangwon State","Goseong-gun","Goseong-gun","Goseong-gun","Goseong-gun Gangwon State",2020,NA,32600,"A0502","A0402",32400
"146","강원특별자치도","양양군","양양군","양양군","Gangwon State","Yangyang-gun","Yangyang-gun","Yangyang-gun","Yangyang-gun Gangwon State",2020,NA,32610,"A0507","A0407",32410
"147","충청북도","청주시","청주시","","Chungcheongbuk-do","Cheongju-si","Cheongju-si","","Cheongju-si Chungcheongbuk-do",2010,NA,NA,"","",33010
"148","충청북도","청주시 상당구","청주시","상당구","Chungcheongbuk-do","Cheongju-si","Sangdang-gu","Sangdang-gu Cheongju-si","Sangdang-gu Cheongju-si Chungcheongbuk-do",2010,NA,NA,"","",33011
"149","충청북도","청주시 흥덕구","청주시","흥덕구","Chungcheongbuk-do","Cheongju-si","Heungdeok-gu","Heungdeok-gu Cheongju-si","Heungdeok-gu Cheongju-si Chungcheongbuk-do",2010,NA,NA,"","",33012
"150","충청북도","충주시","충주시","충주시","Chungcheongbuk-do","Chungju-si","Chungju-si","Chungju-si","Chungju-si Chungcheongbuk-do",2020,NA,33020,"A0711","A0611",33020
"151","충청북도","제천시","제천시","제천시","Chungcheongbuk-do","Jecheon-si","Jecheon-si","Jecheon-si","Jecheon-si Chungcheongbuk-do",2020,NA,33030,"A0707","A0607",33030
"152","충청북도","청주시","청주시","","Chungcheongbuk-do","Cheongju-si","Cheongju-si","","Cheongju-si Chungcheongbuk-do",2020,NA,33040,"A0710","A0610",33040
"153","충청북도","청주시 상당구","청주시","상당구","Chungcheongbuk-do","Cheongju-si","Sangdang-gu","Sangdang-gu Cheongju-si","Sangdang-gu Cheongju-si Chungcheongbuk-do",2020,NA,33041,"A0710","A0610",33041
"154","충청북도","청주시 서원구","청주시","서원구","Chungcheongbuk-do","Cheongju-si","Seowon-gu","Seowon-gu Cheongju-si","Seowon-gu Cheongju-si Chungcheongbuk-do",2020,NA,33042,"A0710","A0610",33042
"155","충청북도","청주시 흥덕구","청주시","흥덕구","Chungcheongbuk-do","Cheongju-si","Heungdeok-gu","Heungdeok-gu Cheongju-si","Heungdeok-gu Cheongju-si Chungcheongbuk-do",2020,NA,33043,"A0710","A0610",33043
"156","충청북도","청주시 청원구","청주시","청원구","Chungcheongbuk-do","Cheongju-si","Cheongwon-gu","Cheongwon-gu Cheongju-si","Cheongwon-gu Cheongju-si Chungcheongbuk-do",2020,NA,33044,"A0710","A0610",33044
"157","충청북도","청주시 청원군\","청주시","청원군","Chungcheongbuk-do","Cheongju-si","Cheongwon-gun","Cheongwon-gun Cheongju-si","Cheongwon-gun Cheongju-si Chungcheongbuk-do",2010,NA,NA,"","",33310
"158","충청북도","보은군","보은군","보은군","Chungcheongbuk-do","Boeun-gun","Boeun-gun","Boeun-gun","Boeun-gun Chungcheongbuk-do",2020,NA,33520,"A0703","A0603",33320
"159","충청북도","옥천군","옥천군","옥천군","Chungcheongbuk-do","Okcheon-gun","Okcheon-gun","Okcheon-gun","Okcheon-gun Chungcheongbuk-do",2020,NA,33530,"A0705","A0605",33330
"160","충청북도","영동군","영동군","영동군","Chungcheongbuk-do","Yeongdong-gun","Yeongdong-gun","Yeongdong-gun","Yeongdong-gun Chungcheongbuk-do",2020,NA,33540,"A0704","A0604",33340
"161","충청북도","진천군","진천군","진천군","Chungcheongbuk-do","Jincheon-gun","Jincheon-gun","Jincheon-gun","Jincheon-gun Chungcheongbuk-do",2020,NA,33550,"A0709","A0609",33350
"162","충청북도","괴산군","괴산군","괴산군","Chungcheongbuk-do","Goesan-gun","Goesan-gun","Goesan-gun","Goesan-gun Chungcheongbuk-do",2020,NA,33560,"A0701","A0601",33360
"163","충청북도","음성군","음성군","음성군","Chungcheongbuk-do","Eumseong-gun","Eumseong-gun","Eumseong-gun","Eumseong-gun Chungcheongbuk-do",2020,NA,33570,"A0706","A0606",33370
"164","충청북도","단양군","단양군","단양군","Chungcheongbuk-do","Danyang-gun","Danyang-gun","Danyang-gun","Danyang-gun Chungcheongbuk-do",2020,NA,33580,"A0702","A0602",33380
"165","충청북도","증평군","증평군","증평군","Chungcheongbuk-do","Jeungpyeong-gun","Jeungpyeong-gun","Jeungpyeong-gun","Jeungpyeong-gun Chungcheongbuk-do",2020,NA,33590,"A0708","A0608",33390
"166","충청남도","천안시","천안시","동남구","Chungcheongnam-do","Cheonan-si","Cheonan-si","","Cheonan-si Chungcheongnam-do",2020,NA,34010,"A0812","A0712",34010
"167","충청남도","천안시 동남구","천안시","동남구","Chungcheongnam-do","Cheonan-si","Dongnam-gu","Dongnam-gu Cheonan-si","Dongnam-gu Cheonan-si Chungcheongnam-do",2020,NA,34011,"A0812","A0712",34011
"168","충청남도","천안시 서북구","천안시","서북구","Chungcheongnam-do","Cheonan-si","Seobuk-gu","Seobuk-gu Cheonan-si","Seobuk-gu Cheonan-si Chungcheongnam-do",2020,NA,34012,"A0812","A0712",34012
"169","충청남도","공주시","공주시","공주시","Chungcheongnam-do","Gongju-si","Gongju-si","Gongju-si","Gongju-si Chungcheongnam-do",2020,NA,34020,"A0802","A0702",34020
"170","충청남도","보령시","보령시","보령시","Chungcheongnam-do","Boryeong-si","Boryeong-si","Boryeong-si","Boryeong-si Chungcheongnam-do",2020,NA,34030,"A0806","A0706",34030
"171","충청남도","아산시","아산시","아산시","Chungcheongnam-do","Asan-si","Asan-si","Asan-si","Asan-si Chungcheongnam-do",2020,NA,34040,"A0810","A0710",34040
"172","충청남도","서산시","서산시","서산시","Chungcheongnam-do","Seosan-si","Seosan-si","Seosan-si","Seosan-si Chungcheongnam-do",2020,NA,34050,"A0808","A0708",34050
"173","충청남도","논산시","논산시","논산시","Chungcheongnam-do","Nonsan-si","Nonsan-si","Nonsan-si","Nonsan-si Chungcheongnam-do",2020,NA,34060,"A0804","A0704",34060
"174","충청남도","계룡시","계룡시","계룡시","Chungcheongnam-do","Gyeryong-si","Gyeryong-si","Gyeryong-si","Gyeryong-si Chungcheongnam-do",2020,NA,34070,"A0801","A0701",34070
"175","충청남도","당진시","당진시","당진시","Chungcheongnam-do","Dangjin-si","Dangjin-si","Dangjin-si","Dangjin-si Chungcheongnam-do",2020,NA,34080,"A0805","A0705",34080
"176","충청남도","금산군","금산군","금산군","Chungcheongnam-do","Geumsan-gun","Geumsan-gun","Geumsan-gun","Geumsan-gun Chungcheongnam-do",2020,NA,34510,"A0803","A0703",34310
"177","충청남도","연기군","연기군","연기군","Chungcheongnam-do","Yeongi-gun","Yeongi-gun","Yeongi-gun","Yeongi-gun Chungcheongnam-do",2010,NA,NA,"","",34320
"178","충청남도","부여군","부여군","부여군","Chungcheongnam-do","Buyeo-gun","Buyeo-gun","Buyeo-gun","Buyeo-gun Chungcheongnam-do",2020,NA,34530,"A0807","A0707",34330
"179","충청남도","서천군","서천군","서천군","Chungcheongnam-do","Seocheon-gun","Seocheon-gun","Seocheon-gun","Seocheon-gun Chungcheongnam-do",2020,NA,34540,"A0809","A0709",34340
"180","충청남도","청양군","청양군","청양군","Chungcheongnam-do","Cheongyang-gun","Cheongyang-gun","Cheongyang-gun","Cheongyang-gun Chungcheongnam-do",2020,NA,34550,"A0813","A0713",34350
"181","충청남도","홍성군","홍성군","홍성군","Chungcheongnam-do","Hongseong-gun","Hongseong-gun","Hongseong-gun","Hongseong-gun Chungcheongnam-do",2020,NA,34560,"A0815","A0715",34360
"182","충청남도","예산군","예산군","예산군","Chungcheongnam-do","Yesan-gun","Yesan-gun","Yesan-gun","Yesan-gun Chungcheongnam-do",2020,NA,34570,"A0811","A0711",34370
"183","충청남도","태안군","태안군","태안군","Chungcheongnam-do","Taean-gun","Taean-gun","Taean-gun","Taean-gun Chungcheongnam-do",2020,NA,34580,"A0814","A0714",34380
"184","충청남도","당진군","당진군","당진군","Chungcheongnam-do","Dangjin-gun","Dangjin-gun","Dangjin-gun","Dangjin-gun Chungcheongnam-do",2010,NA,NA,"","",34390
"185","전라북도","전주시","전주시","","Jeollabuk-do","Jeonju-si","Jeonju-si","","Jeonju-si Jeollabuk-do",2020,NA,35010,"A1112","A1012",35010
"186","전라북도","전주시 완산구","전주시","완산구","Jeollabuk-do","Jeonju-si","Wansan-gu","Wansan-gu Jeonju-si","Wansan-gu Jeonju-si Jeollabuk-do",2020,NA,35011,"A1112","A1012",35011
"187","전라북도","전주시 덕진구","전주시","덕진구","Jeollabuk-do","Jeonju-si","Deokjin-gu","Deokjin-gu Jeonju-si","Deokjin-gu Jeonju-si Jeollabuk-do",2020,NA,35012,"A1112","A1012",35012
"188","전라북도","군산시","군산시","군산시","Jeollabuk-do","Gunsan-si","Gunsan-si","Gunsan-si","Gunsan-si Jeollabuk-do",2020,NA,35020,"A1102","A1002",35020
"189","전라북도","익산시","익산시","익산시","Jeollabuk-do","Iksan-si","Iksan-si","Iksan-si","Iksan-si Jeollabuk-do",2020,NA,35030,"A1109","A1009",35030
"190","전라북도","정읍시","정읍시","정읍시","Jeollabuk-do","Jeongeup-si","Jeongeup-si","Jeongeup-si","Jeongeup-si Jeollabuk-do",2020,NA,35040,"A1113","A1013",35040
"191","전라북도","남원시","남원시","남원시","Jeollabuk-do","Namwon-si","Namwon-si","Namwon-si","Namwon-si Jeollabuk-do",2020,NA,35050,"A1104","A1004",35050
"192","전라북도","김제시","김제시","김제시","Jeollabuk-do","Gimje-si","Gimje-si","Gimje-si","Gimje-si Jeollabuk-do",2020,NA,35060,"A1103","A1003",35060
"193","전라북도","완주군","완주군","완주군","Jeollabuk-do","Wanju-gun","Wanju-gun","Wanju-gun","Wanju-gun Jeollabuk-do",2020,NA,35510,"A1108","A1008",35310
"194","전라북도","진안군","진안군","진안군","Jeollabuk-do","Jinan-gun","Jinan-gun","Jinan-gun","Jinan-gun Jeollabuk-do",2020,NA,35520,"A1114","A1014",35320
"195","전라북도","무주군","무주군","무주군","Jeollabuk-do","Muju-gun","Muju-gun","Muju-gun","Muju-gun Jeollabuk-do",2020,NA,35530,"A1105","A1005",35330
"196","전라북도","장수군","장수군","장수군","Jeollabuk-do","Jangsu-gun","Jangsu-gun","Jangsu-gun","Jangsu-gun Jeollabuk-do",2020,NA,35540,"A1111","A1011",35340
"197","전라북도","임실군","임실군","임실군","Jeollabuk-do","Imsil-gun","Imsil-gun","Imsil-gun","Imsil-gun Jeollabuk-do",2020,NA,35550,"A1110","A1010",35350
"198","전라북도","순창군","순창군","순창군","Jeollabuk-do","Sunchang-gun","Sunchang-gun","Sunchang-gun","Sunchang-gun Jeollabuk-do",2020,NA,35560,"A1107","A1007",35360
"199","전라북도","고창군","고창군","고창군","Jeollabuk-do","Gochang-gun","Gochang-gun","Gochang-gun","Gochang-gun Jeollabuk-do",2020,NA,35570,"A1101","A1001",35370
"200","전라북도","부안군","부안군","부안군","Jeollabuk-do","Buan-gun","Buan-gun","Buan-gun","Buan-gun Jeollabuk-do",2020,NA,35580,"A1106","A1006",35380
"201","전라남도","목포시","목포시","목포시","Jeollanam-do","Mokpo-si","Mokpo-si","Mokpo-si","Mokpo-si Jeollanam-do",2020,NA,36010,"A1208","A1108",36010
"202","전라남도","여수시","여수시","여수시","Jeollanam-do","Yeosu-si","Yeosu-si","Yeosu-si","Yeosu-si Jeollanam-do",2020,NA,36020,"A1213","A1113",36020
"203","전라남도","순천시","순천시","순천시","Jeollanam-do","Suncheon-si","Suncheon-si","Suncheon-si","Suncheon-si Jeollanam-do",2020,NA,36030,"A1211","A1111",36030
"204","전라남도","나주시","나주시","나주시","Jeollanam-do","Naju-si","Naju-si","Naju-si","Naju-si Jeollanam-do",2020,NA,36040,"A1206","A1106",36040
"205","전라남도","광양시","광양시","광양시","Jeollanam-do","Gwangyang-si","Gwangyang-si","Gwangyang-si","Gwangyang-si Jeollanam-do",2020,NA,36060,"A1204","A1104",36060
"206","전라남도","담양군","담양군","담양군","Jeollanam-do","Damyang-gun","Damyang-gun","Damyang-gun","Damyang-gun Jeollanam-do",2020,NA,36510,"A1207","A1107",36310
"207","전라남도","곡성군","곡성군","곡성군","Jeollanam-do","Gokseong-gun","Gokseong-gun","Gokseong-gun","Gokseong-gun Jeollanam-do",2020,NA,36520,"A1203","A1103",36320
"208","전라남도","구례군","구례군","구례군","Jeollanam-do","Gurye-gun","Gurye-gun","Gurye-gun","Gurye-gun Jeollanam-do",2020,NA,36530,"A1205","A1105",36330
"209","전라남도","고흥군","고흥군","고흥군","Jeollanam-do","Goheung-gun","Goheung-gun","Goheung-gun","Goheung-gun Jeollanam-do",2020,NA,36550,"A1202","A1102",36350
"210","전라남도","보성군","보성군","보성군","Jeollanam-do","Boseong-gun","Boseong-gun","Boseong-gun","Boseong-gun Jeollanam-do",2020,NA,36560,"A1210","A1110",36360
"211","전라남도","화순군","화순군","화순군","Jeollanam-do","Hwasun-gun","Hwasun-gun","Hwasun-gun","Hwasun-gun Jeollanam-do",2020,NA,36570,"A1222","A1122",36370
"212","전라남도","장흥군","장흥군","장흥군","Jeollanam-do","Jangheung-gun","Jangheung-gun","Jangheung-gun","Jangheung-gun Jeollanam-do",2020,NA,36580,"A1218","A1118",36380
"213","전라남도","강진군","강진군","강진군","Jeollanam-do","Gangjin-gun","Gangjin-gun","Gangjin-gun","Gangjin-gun Jeollanam-do",2020,NA,36590,"A1201","A1101",36390
"214","전라남도","해남군","해남군","해남군","Jeollanam-do","Haenam-gun","Haenam-gun","Haenam-gun","Haenam-gun Jeollanam-do",2020,NA,36600,"A1221","A1121",36400
"215","전라남도","영암군","영암군","영암군","Jeollanam-do","Yeongam-gun","Yeongam-gun","Yeongam-gun","Yeongam-gun Jeollanam-do",2020,NA,36610,"A1215","A1115",36410
"216","전라남도","무안군","무안군","무안군","Jeollanam-do","Muan-gun","Muan-gun","Muan-gun","Muan-gun Jeollanam-do",2020,NA,36620,"A1209","A1109",36420
"217","전라남도","함평군","함평군","함평군","Jeollanam-do","Hampyeong-gun","Hampyeong-gun","Hampyeong-gun","Hampyeong-gun Jeollanam-do",2020,NA,36630,"A1220","A1120",36430
"218","전라남도","영광군","영광군","영광군","Jeollanam-do","Yeonggwang-gun","Yeonggwang-gun","Yeonggwang-gun","Yeonggwang-gun Jeollanam-do",2020,NA,36640,"A1214","A1114",36440
"219","전라남도","장성군","장성군","장성군","Jeollanam-do","Jangseong-gun","Jangseong-gun","Jangseong-gun","Jangseong-gun Jeollanam-do",2020,NA,36650,"A1217","A1117",36450
"220","전라남도","완도군","완도군","완도군","Jeollanam-do","Wando-gun","Wando-gun","Wando-gun","Wando-gun Jeollanam-do",2020,NA,36660,"A1216","A1116",36460
"221","전라남도","진도군","진도군","진도군","Jeollanam-do","Jindo-gun","Jindo-gun","Jindo-gun","Jindo-gun Jeollanam-do",2020,NA,36670,"A1219","A1119",36470
"222","전라남도","신안군","신안군","신안군","Jeollanam-do","Sinan-gun","Sinan-gun","Sinan-gun","Sinan-gun Jeollanam-do",2020,NA,36680,"A1212","A1112",36480
"223","경상북도","포항시","포항시","","Gyeongsangbuk-do","Pohang-si","Pohang-si","","Pohang-si Gyeongsangbuk-do",2020,NA,37010,"A1423","A1323",37010
"224","경상북도","포항시 남구","포항시","남구","Gyeongsangbuk-do","Pohang-si","Nam-gu","Nam-gu Pohang-si","Nam-gu Pohang-si Gyeongsangbuk-do",2020,NA,37011,"A1423","A1323",37011
"225","경상북도","포항시 북구","포항시","북구","Gyeongsangbuk-do","Pohang-si","Buk-gu","Buk-gu Pohang-si","Buk-gu Pohang-si Gyeongsangbuk-do",2020,NA,37012,"A1423","A1323",37012
"226","경상북도","경주시","경주시","경주시","Gyeongsangbuk-do","Gyeongju-si","Gyeongju-si","Gyeongju-si","Gyeongju-si Gyeongsangbuk-do",2020,NA,37020,"A1402","A1302",37020
"227","경상북도","김천시","김천시","김천시","Gyeongsangbuk-do","Gimcheon-si","Gimcheon-si","Gimcheon-si","Gimcheon-si Gyeongsangbuk-do",2020,NA,37030,"A1406","A1306",37030
"228","경상북도","안동시","안동시","안동시","Gyeongsangbuk-do","Andong-si","Andong-si","Andong-si","Andong-si Gyeongsangbuk-do",2020,NA,37040,"A1411","A1311",37040
"229","경상북도","구미시","구미시","구미시","Gyeongsangbuk-do","Gumi-si","Gumi-si","Gumi-si","Gumi-si Gyeongsangbuk-do",2020,NA,37050,"A1404","A1304",37050
"230","경상북도","영주시","영주시","영주시","Gyeongsangbuk-do","Yeongju-si","Yeongju-si","Yeongju-si","Yeongju-si Gyeongsangbuk-do",2020,NA,37060,"A1414","A1314",37060
"231","경상북도","영천시","영천시","영천시","Gyeongsangbuk-do","Yeongcheon-si","Yeongcheon-si","Yeongcheon-si","Yeongcheon-si Gyeongsangbuk-do",2020,NA,37070,"A1415","A1315",37070
"232","경상북도","상주시","상주시","상주시","Gyeongsangbuk-do","Sangju-si","Sangju-si","Sangju-si","Sangju-si Gyeongsangbuk-do",2020,NA,37080,"A1409","A1309",37080
"233","경상북도","문경시","문경시","문경시","Gyeongsangbuk-do","Mungyeong-si","Mungyeong-si","Mungyeong-si","Mungyeong-si Gyeongsangbuk-do",2020,NA,37090,"A1407","A1307",37090
"234","경상북도","경산시","경산시","경산시","Gyeongsangbuk-do","Gyeongsan-si","Gyeongsan-si","Gyeongsan-si","Gyeongsan-si Gyeongsangbuk-do",2020,NA,37100,"A1401","A1301",37100
"235","대구광역시","군위군","군위군","군위군","Daegu","Gunwi-gun","Gunwi-gun","Gunwi-gun","Gunwi-gun Daegu",2020,NA,22520,"A1309","A1305",37310
"236","경상북도","군위군","군위군","군위군","Gyeongsangbuk-do","Gunwi-gun","Gunwi-gun","Gunwi-gun","Gunwi-gun Gyeongsangbuk-do",2020,1,37510,"","",37310
"237","경상북도","의성군","의성군","의성군","Gyeongsangbuk-do","Uiseong-gun","Uiseong-gun","Uiseong-gun","Uiseong-gun Gyeongsangbuk-do",2020,NA,37520,"A1419","A1319",37320
"238","경상북도","청송군","청송군","청송군","Gyeongsangbuk-do","Cheongsong-gun","Cheongsong-gun","Cheongsong-gun","Cheongsong-gun Gyeongsangbuk-do",2020,NA,37530,"A1421","A1321",37330
"239","경상북도","영양군","영양군","영양군","Gyeongsangbuk-do","Yeongyang-gun","Yeongyang-gun","Yeongyang-gun","Yeongyang-gun Gyeongsangbuk-do",2020,NA,37540,"A1413","A1313",37340
"240","경상북도","영덕군","영덕군","영덕군","Gyeongsangbuk-do","Yeongdeok-gun","Yeongdeok-gun","Yeongdeok-gun","Yeongdeok-gun Gyeongsangbuk-do",2020,NA,37550,"A1412","A1312",37350
"241","경상북도","청도군","청도군","청도군","Gyeongsangbuk-do","Cheongdo-gun","Cheongdo-gun","Cheongdo-gun","Cheongdo-gun Gyeongsangbuk-do",2020,NA,37560,"A1420","A1320",37360
"242","경상북도","고령군","고령군","고령군","Gyeongsangbuk-do","Goryeong-gun","Goryeong-gun","Goryeong-gun","Goryeong-gun Gyeongsangbuk-do",2020,NA,37570,"A1403","A1303",37370
"243","경상북도","성주군","성주군","성주군","Gyeongsangbuk-do","Seongju-gun","Seongju-gun","Seongju-gun","Seongju-gun Gyeongsangbuk-do",2020,NA,37580,"A1410","A1310",37380
"244","경상북도","칠곡군","칠곡군","칠곡군","Gyeongsangbuk-do","Chilgok-gun","Chilgok-gun","Chilgok-gun","Chilgok-gun Gyeongsangbuk-do",2020,NA,37590,"A1422","A1322",37390
"245","경상북도","예천군","예천군","예천군","Gyeongsangbuk-do","Yecheon-gun","Yecheon-gun","Yecheon-gun","Yecheon-gun Gyeongsangbuk-do",2020,NA,37600,"A1416","A1316",37400
"246","경상북도","봉화군","봉화군","봉화군","Gyeongsangbuk-do","Bonghwa-gun","Bonghwa-gun","Bonghwa-gun","Bonghwa-gun Gyeongsangbuk-do",2020,NA,37610,"A1408","A1308",37410
"247","경상북도","울진군","울진군","울진군","Gyeongsangbuk-do","Uljin-gun","Uljin-gun","Uljin-gun","Uljin-gun Gyeongsangbuk-do",2020,NA,37620,"A1418","A1318",37420
"248","경상북도","울릉군","울릉군","울릉군","Gyeongsangbuk-do","Ulleung-gun","Ulleung-gun","Ulleung-gun","Ulleung-gun Gyeongsangbuk-do",2020,NA,37630,"A1417","A1317",37430
"249","경상남도","진주시","진주시","진주시","Gyeongsangnam-do","Jinju-si","Jinju-si","Jinju-si","Jinju-si Gyeongsangnam-do",2020,NA,38030,"A1711","A1611",38030
"250","경상남도","통영시","통영시","통영시","Gyeongsangnam-do","Tongyeong-si","Tongyeong-si","Tongyeong-si","Tongyeong-si Gyeongsangnam-do",2020,NA,38050,"A1714","A1614",38050
"251","경상남도","사천시","사천시","사천시","Gyeongsangnam-do","Sacheon-si","Sacheon-si","Sacheon-si","Sacheon-si Gyeongsangnam-do",2020,NA,38060,"A1707","A1607",38060
"252","경상남도","김해시","김해시","김해시","Gyeongsangnam-do","Gimhae-si","Gimhae-si","Gimhae-si","Gimhae-si Gyeongsangnam-do",2020,NA,38070,"A1704","A1604",38070
"253","경상남도","밀양시","밀양시","밀양시","Gyeongsangnam-do","Miryang-si","Miryang-si","Miryang-si","Miryang-si Gyeongsangnam-do",2020,NA,38080,"A1706","A1606",38080
"254","경상남도","거제시","거제시","거제시","Gyeongsangnam-do","Geoje-si","Geoje-si","Geoje-si","Geoje-si Gyeongsangnam-do",2020,NA,38090,"A1701","A1601",38090
"255","경상남도","양산시","양산시","양산시","Gyeongsangnam-do","Yangsan-si","Yangsan-si","Yangsan-si","Yangsan-si Gyeongsangnam-do",2020,NA,38100,"A1709","A1609",38100
"256","경상남도","창원시","창원시","","Gyeongsangnam-do","Changwon-si","Changwon-si","","Changwon-si Gyeongsangnam-do",2020,NA,38110,"A1713","A1613",38110
"257","경상남도","창원시 의창구","창원시","의창구","Gyeongsangnam-do","Changwon-si","Uichang-gu","Uichang-gu Changwon-si","Uichang-gu Changwon-si Gyeongsangnam-do",2020,NA,38111,"A1713","A1613",38111
"258","경상남도","창원시 성산구","창원시","성산구","Gyeongsangnam-do","Changwon-si","Seongsan-gu","Seongsan-gu Changwon-si","Seongsan-gu Changwon-si Gyeongsangnam-do",2020,NA,38112,"A1713","A1613",38112
"259","경상남도","창원시 마산합포구","창원시","마산합포구","Gyeongsangnam-do","Changwon-si","Masanhappo-gu","Masanhappo-gu Changwon-si","Masanhappo-gu Changwon-si Gyeongsangnam-do",2020,NA,38113,"A1713","A1613",38113
"260","경상남도","창원시 마산회원구","창원시","마산회원구","Gyeongsangnam-do","Changwon-si","Masanhoewon-gu","Masanhoewon-gu Changwon-si","Masanhoewon-gu Changwon-si Gyeongsangnam-do",2020,NA,38114,"A1713","A1613",38114
"261","경상남도","창원시 진해구","창원시 ","진해구","Gyeongsangnam-do","Changwon-si","Jinhae-gu","Jinhae-gu Changwon-si","Jinhae-gu Changwon-si Gyeongsangnam-do",2020,NA,38115,"A1713","A1613",38115
"262","경상남도","의령군","의령군","의령군","Gyeongsangnam-do","Uiryeong-gun","Uiryeong-gun","Uiryeong-gun","Uiryeong-gun Gyeongsangnam-do",2020,NA,38510,"A1710","A1610",38310
"263","경상남도","함안군","함안군","함안군","Gyeongsangnam-do","Haman-gun","Haman-gun","Haman-gun","Haman-gun Gyeongsangnam-do",2020,NA,38520,"A1716","A1616",38320
"264","경상남도","창녕군","창녕군","창녕군","Gyeongsangnam-do","Changnyeong-gun","Changnyeong-gun","Changnyeong-gun","Changnyeong-gun Gyeongsangnam-do",2020,NA,38530,"A1712","A1612",38330
"265","경상남도","고성군","고성군","고성군","Gyeongsangnam-do","Goseong-gun","Goseong-gun","Goseong-gun","Goseong-gun Gyeongsangnam-do",2020,NA,38540,"A1703","A1603",38340
"266","경상남도","남해군","남해군","남해군","Gyeongsangnam-do","Namhae-gun","Namhae-gun","Namhae-gun","Namhae-gun Gyeongsangnam-do",2020,NA,38550,"A1705","A1605",38350
"267","경상남도","하동군","하동군","하동군","Gyeongsangnam-do","Hadong-gun","Hadong-gun","Hadong-gun","Hadong-gun Gyeongsangnam-do",2020,NA,38560,"A1715","A1615",38360
"268","경상남도","산청군","산청군","산청군","Gyeongsangnam-do","Sancheong-gun","Sancheong-gun","Sancheong-gun","Sancheong-gun Gyeongsangnam-do",2020,NA,38570,"A1708","A1608",38370
"269","경상남도","함양군","함양군","함양군","Gyeongsangnam-do","Hamyang-gun","Hamyang-gun","Hamyang-gun","Hamyang-gun Gyeongsangnam-do",2020,NA,38580,"A1717","A1617",38380
"270","경상남도","거창군","거창군","거창군","Gyeongsangnam-do","Geochang-gun","Geochang-gun","Geochang-gun","Geochang-gun Gyeongsangnam-do",2020,NA,38590,"A1702","A1602",38390
"271","경상남도","합천군","합천군","합천군","Gyeongsangnam-do","Hapcheon-gun","Hapcheon-gun","Hapcheon-gun","Hapcheon-gun Gyeongsangnam-do",2020,NA,38600,"A1718","A1618",38400
"272","제주특별자치도","제주시","제주시","제주시","Jeju","Jeju-si","Jeju-si","Jeju-si","Jeju-si Jeju",2020,NA,39010,"A1801","A1701",39010
"273","제주특별자치도","서귀포시","서귀포시","서귀포시","Jeju","Seogwipo-si","Seogwipo-si","Seogwipo-si","Seogwipo-si Jeju",2020,NA,39020,"A1802","A1702",39020
