"year","adm1","adm2","adm2_code","type","class1","class2","unit","value"
2015,"Seoul","Jongno-gu",11010,"economy","company","total","count","40871"
2020,"Seoul","Jongno-gu",11010,"economy","company","total","count","50531"
2010,"Seoul","Jongno-gu",11010,"economy","company","total","count","37636"
2010,"Seoul","Jung-gu",11020,"economy","company","total","count","57916"
2015,"Seoul","Jung-gu",11020,"economy","company","total","count","66190"
2020,"Seoul","Jung-gu",11020,"economy","company","total","count","76129"
2010,"Seoul","Yongsan-gu",11030,"economy","company","total","count","18966"
2020,"Seoul","Yongsan-gu",11030,"economy","company","total","count","31507"
2015,"Seoul","Yongsan-gu",11030,"economy","company","total","count","21178"
2015,"Seoul","Seongdong-gu",11040,"economy","company","total","count","26130"
2020,"Seoul","Seongdong-gu",11040,"economy","company","total","count","41582"
2010,"Seoul","Seongdong-gu",11040,"economy","company","total","count","23148"
2020,"Seoul","Gwangjin-gu",11050,"economy","company","total","count","35423"
2015,"Seoul","Gwangjin-gu",11050,"economy","company","total","count","24531"
2010,"Seoul","Gwangjin-gu",11050,"economy","company","total","count","23791"
2010,"Seoul","Dongdaemun-gu",11060,"economy","company","total","count","29671"
2020,"Seoul","Dongdaemun-gu",11060,"economy","company","total","count","43029"
2015,"Seoul","Dongdaemun-gu",11060,"economy","company","total","count","32994"
2015,"Seoul","Jungnang-gu",11070,"economy","company","total","count","27287"
2020,"Seoul","Jungnang-gu",11070,"economy","company","total","count","38558"
2010,"Seoul","Jungnang-gu",11070,"economy","company","total","count","26526"
2010,"Seoul","Seongbuk-gu",11080,"economy","company","total","count","23593"
2020,"Seoul","Seongbuk-gu",11080,"economy","company","total","count","34420"
2015,"Seoul","Seongbuk-gu",11080,"economy","company","total","count","24690"
2020,"Seoul","Gangbuk-gu",11090,"economy","company","total","count","26711"
2015,"Seoul","Gangbuk-gu",11090,"economy","company","total","count","18654"
2010,"Seoul","Gangbuk-gu",11090,"economy","company","total","count","19256"
2020,"Seoul","Dobong-gu",11100,"economy","company","total","count","25607"
2015,"Seoul","Dobong-gu",11100,"economy","company","total","count","18455"
2010,"Seoul","Dobong-gu",11100,"economy","company","total","count","17498"
2015,"Seoul","Nowon-gu",11110,"economy","company","total","count","25827"
2010,"Seoul","Nowon-gu",11110,"economy","company","total","count","24491"
2020,"Seoul","Nowon-gu",11110,"economy","company","total","count","37442"
2015,"Seoul","Eunpyeong-gu",11120,"economy","company","total","count","24179"
2010,"Seoul","Eunpyeong-gu",11120,"economy","company","total","count","22666"
2020,"Seoul","Eunpyeong-gu",11120,"economy","company","total","count","36273"
2010,"Seoul","Seodaemun-gu",11130,"economy","company","total","count","17887"
2020,"Seoul","Seodaemun-gu",11130,"economy","company","total","count","28769"
2015,"Seoul","Seodaemun-gu",11130,"economy","company","total","count","19612"
2015,"Seoul","Mapo-gu",11140,"economy","company","total","count","36504"
2010,"Seoul","Mapo-gu",11140,"economy","company","total","count","28930"
2020,"Seoul","Mapo-gu",11140,"economy","company","total","count","58694"
2015,"Seoul","Yangcheon-gu",11150,"economy","company","total","count","26297"
2020,"Seoul","Yangcheon-gu",11150,"economy","company","total","count","37183"
2010,"Seoul","Yangcheon-gu",11150,"economy","company","total","count","24563"
2015,"Seoul","Gangseo-gu",11160,"economy","company","total","count","33273"
2020,"Seoul","Gangseo-gu",11160,"economy","company","total","count","58788"
2010,"Seoul","Gangseo-gu",11160,"economy","company","total","count","30724"
2010,"Seoul","Guro-gu",11170,"economy","company","total","count","32381"
2020,"Seoul","Guro-gu",11170,"economy","company","total","count","53547"
2015,"Seoul","Guro-gu",11170,"economy","company","total","count","37445"
2020,"Seoul","Geumcheon-gu",11180,"economy","company","total","count","47354"
2015,"Seoul","Geumcheon-gu",11180,"economy","company","total","count","30080"
2010,"Seoul","Geumcheon-gu",11180,"economy","company","total","count","24520"
2010,"Seoul","Yeongdeungpo-gu",11190,"economy","company","total","count","41084"
2015,"Seoul","Yeongdeungpo-gu",11190,"economy","company","total","count","44512"
2020,"Seoul","Yeongdeungpo-gu",11190,"economy","company","total","count","74060"
2020,"Seoul","Dongjak-gu",11200,"economy","company","total","count","28505"
2010,"Seoul","Dongjak-gu",11200,"economy","company","total","count","19836"
2015,"Seoul","Dongjak-gu",11200,"economy","company","total","count","19609"
2020,"Seoul","Gwanak-gu",11210,"economy","company","total","count","38639"
2010,"Seoul","Gwanak-gu",11210,"economy","company","total","count","25797"
2015,"Seoul","Gwanak-gu",11210,"economy","company","total","count","26235"
2010,"Seoul","Seocho-gu",11220,"economy","company","total","count","36302"
2020,"Seoul","Seocho-gu",11220,"economy","company","total","count","75858"
2015,"Seoul","Seocho-gu",11220,"economy","company","total","count","47061"
2015,"Seoul","Gangnam-gu",11230,"economy","company","total","count","73590"
2020,"Seoul","Gangnam-gu",11230,"economy","company","total","count","115054"
2010,"Seoul","Gangnam-gu",11230,"economy","company","total","count","53494"
2015,"Seoul","Songpa-gu",11240,"economy","company","total","count","45375"
2020,"Seoul","Songpa-gu",11240,"economy","company","total","count","76412"
2010,"Seoul","Songpa-gu",11240,"economy","company","total","count","40931"
2015,"Seoul","Gangdong-gu",11250,"economy","company","total","count","30079"
2010,"Seoul","Gangdong-gu",11250,"economy","company","total","count","28124"
2020,"Seoul","Gangdong-gu",11250,"economy","company","total","count","40978"
2015,"Busan","Jung-gu",21010,"economy","company","total","count","14969"
2010,"Busan","Jung-gu",21010,"economy","company","total","count","14630"
2020,"Busan","Jung-gu",21010,"economy","company","total","count","18939"
2015,"Busan","Seo-gu",21020,"economy","company","total","count","9682"
2010,"Busan","Seo-gu",21020,"economy","company","total","count","9665"
2020,"Busan","Seo-gu",21020,"economy","company","total","count","11630"
2015,"Busan","Dong-gu",21030,"economy","company","total","count","13957"
2010,"Busan","Dong-gu",21030,"economy","company","total","count","14087"
2020,"Busan","Dong-gu",21030,"economy","company","total","count","18639"
2010,"Busan","Yeongdo-gu",21040,"economy","company","total","count","9330"
2020,"Busan","Yeongdo-gu",21040,"economy","company","total","count","11308"
2015,"Busan","Yeongdo-gu",21040,"economy","company","total","count","9080"
2020,"Busan","Busanjin-gu",21050,"economy","company","total","count","45040"
2015,"Busan","Busanjin-gu",21050,"economy","company","total","count","33104"
2010,"Busan","Busanjin-gu",21050,"economy","company","total","count","31932"
2015,"Busan","Dongnae-gu",21060,"economy","company","total","count","20383"
2020,"Busan","Dongnae-gu",21060,"economy","company","total","count","27739"
2010,"Busan","Dongnae-gu",21060,"economy","company","total","count","20630"
2010,"Busan","Nam-gu",21070,"economy","company","total","count","16049"
2015,"Busan","Nam-gu",21070,"economy","company","total","count","15763"
2020,"Busan","Nam-gu",21070,"economy","company","total","count","24635"
2020,"Busan","Buk-gu",21080,"economy","company","total","count","20802"
2015,"Busan","Buk-gu",21080,"economy","company","total","count","14911"
2010,"Busan","Buk-gu",21080,"economy","company","total","count","14669"
2010,"Busan","Haeundae-gu",21090,"economy","company","total","count","21493"
2020,"Busan","Haeundae-gu",21090,"economy","company","total","count","40057"
2015,"Busan","Haeundae-gu",21090,"economy","company","total","count","25483"
2015,"Busan","Saha-gu",21100,"economy","company","total","count","21949"
2020,"Busan","Saha-gu",21100,"economy","company","total","count","29276"
2010,"Busan","Saha-gu",21100,"economy","company","total","count","20951"
2015,"Busan","Geumjeong-gu",21110,"economy","company","total","count","17883"
2020,"Busan","Geumjeong-gu",21110,"economy","company","total","count","26863"
2010,"Busan","Geumjeong-gu",21110,"economy","company","total","count","17517"
2020,"Busan","Gangseo-gu",21120,"economy","company","total","count","29201"
2015,"Busan","Gangseo-gu",21120,"economy","company","total","count","14765"
2010,"Busan","Gangseo-gu",21120,"economy","company","total","count","7167"
2015,"Busan","Yeonje-gu",21130,"economy","company","total","count","15901"
2010,"Busan","Yeonje-gu",21130,"economy","company","total","count","15285"
2020,"Busan","Yeonje-gu",21130,"economy","company","total","count","23657"
2020,"Busan","Suyeong-gu",21140,"economy","company","total","count","19535"
2015,"Busan","Suyeong-gu",21140,"economy","company","total","count","12939"
2010,"Busan","Suyeong-gu",21140,"economy","company","total","count","12554"
2015,"Busan","Sasang-gu",21150,"economy","company","total","count","28360"
2020,"Busan","Sasang-gu",21150,"economy","company","total","count","36946"
2010,"Busan","Sasang-gu",21150,"economy","company","total","count","27537"
2020,"Busan","Gijang-gun",21310,"economy","company","total","count","17736"
2015,"Busan","Gijang-gun",21310,"economy","company","total","count","9721"
2010,"Busan","Gijang-gun",21310,"economy","company","total","count","6476"
2020,"Daegu","Jung-gu",22010,"economy","company","total","count","26267"
2010,"Daegu","Jung-gu",22010,"economy","company","total","count","19306"
2015,"Daegu","Jung-gu",22010,"economy","company","total","count","21422"
2020,"Daegu","Dong-gu",22020,"economy","company","total","count","37425"
2010,"Daegu","Dong-gu",22020,"economy","company","total","count","22109"
2015,"Daegu","Dong-gu",22020,"economy","company","total","count","24050"
2015,"Daegu","Seo-gu",22030,"economy","company","total","count","19096"
2010,"Daegu","Seo-gu",22030,"economy","company","total","count","18956"
2020,"Daegu","Seo-gu",22030,"economy","company","total","count","23341"
2010,"Daegu","Nam-gu",22040,"economy","company","total","count","13387"
2015,"Daegu","Nam-gu",22040,"economy","company","total","count","13904"
2020,"Daegu","Nam-gu",22040,"economy","company","total","count","17705"
2020,"Daegu","Buk-gu",22050,"economy","company","total","count","53768"
2010,"Daegu","Buk-gu",22050,"economy","company","total","count","35450"
2015,"Daegu","Buk-gu",22050,"economy","company","total","count","38875"
2015,"Daegu","Suseong-gu",22060,"economy","company","total","count","26930"
2010,"Daegu","Suseong-gu",22060,"economy","company","total","count","25202"
2020,"Daegu","Suseong-gu",22060,"economy","company","total","count","37852"
2010,"Daegu","Dalseo-gu",22070,"economy","company","total","count","36701"
2015,"Daegu","Dalseo-gu",22070,"economy","company","total","count","40455"
2020,"Daegu","Dalseo-gu",22070,"economy","company","total","count","60591"
2015,"Daegu","Dalseong-gun",22310,"economy","company","total","count","15337"
2010,"Daegu","Dalseong-gun",22310,"economy","company","total","count","12004"
2020,"Daegu","Dalseong-gun",22310,"economy","company","total","count","26084"
2020,"Incheon","Jung-gu",23010,"economy","company","total","count","22111"
2010,"Incheon","Jung-gu",23010,"economy","company","total","count","9514"
2015,"Incheon","Jung-gu",23010,"economy","company","total","count","11821"
2015,"Incheon","Dong-gu",23020,"economy","company","total","count","7851"
2020,"Incheon","Dong-gu",23020,"economy","company","total","count","11700"
2010,"Incheon","Dong-gu",23020,"economy","company","total","count","7411"
2015,NA,NA,23030,"economy","company","total","count","26577"
2010,NA,NA,23030,"economy","company","total","count","25174"
2015,"Incheon","Yeonsu-gu",23040,"economy","company","total","count","16312"
2020,"Incheon","Yeonsu-gu",23040,"economy","company","total","count","30960"
2010,"Incheon","Yeonsu-gu",23040,"economy","company","total","count","12355"
2015,"Incheon","Namdong-gu",23050,"economy","company","total","count","36712"
2020,"Incheon","Namdong-gu",23050,"economy","company","total","count","57582"
2010,"Incheon","Namdong-gu",23050,"economy","company","total","count","31382"
2015,"Incheon","Bupyeong-gu",23060,"economy","company","total","count","31507"
2020,"Incheon","Bupyeong-gu",23060,"economy","company","total","count","45115"
2010,"Incheon","Bupyeong-gu",23060,"economy","company","total","count","30733"
2010,"Incheon","Gyeyang-gu",23070,"economy","company","total","count","16123"
2015,"Incheon","Gyeyang-gu",23070,"economy","company","total","count","17723"
2020,"Incheon","Gyeyang-gu",23070,"economy","company","total","count","27717"
2015,"Incheon","Seo-gu",23080,"economy","company","total","count","30047"
2020,"Incheon","Seo-gu",23080,"economy","company","total","count","57942"
2010,"Incheon","Seo-gu",23080,"economy","company","total","count","24344"
2020,"Incheon","Michuhol-gu",23090,"economy","company","total","count","41566"
2015,"Incheon","Ganghwa-gun",23310,"economy","company","total","count","5551"
2010,"Incheon","Ganghwa-gun",23310,"economy","company","total","count","5090"
2020,"Incheon","Ganghwa-gun",23310,"economy","company","total","count","8929"
2020,"Incheon","Ongjin-gun",23320,"economy","company","total","count","2486"
2010,"Incheon","Ongjin-gun",23320,"economy","company","total","count","1529"
2015,"Incheon","Ongjin-gun",23320,"economy","company","total","count","1910"
2020,"Gwangju","Dong-gu",24010,"economy","company","total","count","17650"
2010,"Gwangju","Dong-gu",24010,"economy","company","total","count","14780"
2015,"Gwangju","Dong-gu",24010,"economy","company","total","count","15523"
2020,"Gwangju","Seo-gu",24020,"economy","company","total","count","39346"
2010,"Gwangju","Seo-gu",24020,"economy","company","total","count","21301"
2015,"Gwangju","Seo-gu",24020,"economy","company","total","count","25370"
2010,"Gwangju","Nam-gu",24030,"economy","company","total","count","11587"
2015,"Gwangju","Nam-gu",24030,"economy","company","total","count","12988"
2020,"Gwangju","Nam-gu",24030,"economy","company","total","count","18586"
2020,"Gwangju","Buk-gu",24040,"economy","company","total","count","47067"
2015,"Gwangju","Buk-gu",24040,"economy","company","total","count","32585"
2010,"Gwangju","Buk-gu",24040,"economy","company","total","count","32051"
2015,"Gwangju","Gwangsan-gu",24050,"economy","company","total","count","26958"
2010,"Gwangju","Gwangsan-gu",24050,"economy","company","total","count","20257"
2020,"Gwangju","Gwangsan-gu",24050,"economy","company","total","count","47436"
2020,"Daejeon","Dong-gu",25010,"economy","company","total","count","23936"
2010,"Daejeon","Dong-gu",25010,"economy","company","total","count","17091"
2015,"Daejeon","Dong-gu",25010,"economy","company","total","count","18584"
2015,"Daejeon","Jung-gu",25020,"economy","company","total","count","20330"
2010,"Daejeon","Jung-gu",25020,"economy","company","total","count","18350"
2020,"Daejeon","Jung-gu",25020,"economy","company","total","count","29046"
2015,"Daejeon","Seo-gu",25030,"economy","company","total","count","33971"
2020,"Daejeon","Seo-gu",25030,"economy","company","total","count","49175"
2010,"Daejeon","Seo-gu",25030,"economy","company","total","count","29051"
2020,"Daejeon","Yuseong-gu",25040,"economy","company","total","count","36565"
2015,"Daejeon","Yuseong-gu",25040,"economy","company","total","count","21165"
2010,"Daejeon","Yuseong-gu",25040,"economy","company","total","count","15327"
2010,"Daejeon","Daedeok-gu",25050,"economy","company","total","count","15831"
2020,"Daejeon","Daedeok-gu",25050,"economy","company","total","count","25684"
2015,"Daejeon","Daedeok-gu",25050,"economy","company","total","count","17765"
2015,"Ulsan","Jung-gu",26010,"economy","company","total","count","15858"
2020,"Ulsan","Jung-gu",26010,"economy","company","total","count","20909"
2010,"Ulsan","Jung-gu",26010,"economy","company","total","count","14662"
2015,"Ulsan","Nam-gu",26020,"economy","company","total","count","30018"
2010,"Ulsan","Nam-gu",26020,"economy","company","total","count","27148"
2020,"Ulsan","Nam-gu",26020,"economy","company","total","count","42627"
2020,"Ulsan","Dong-gu",26030,"economy","company","total","count","10849"
2015,"Ulsan","Dong-gu",26030,"economy","company","total","count","8861"
2010,"Ulsan","Dong-gu",26030,"economy","company","total","count","8598"
2015,"Ulsan","Buk-gu",26040,"economy","company","total","count","10640"
2010,"Ulsan","Buk-gu",26040,"economy","company","total","count","8727"
2020,"Ulsan","Buk-gu",26040,"economy","company","total","count","17439"
2010,"Ulsan","Ulju-gun",26310,"economy","company","total","count","11611"
2015,"Ulsan","Ulju-gun",26310,"economy","company","total","count","15428"
2020,"Ulsan","Ulju-gun",26310,"economy","company","total","count","25423"
2015,"Sejong","Sejong-si",29010,"economy","company","total","count","10480"
2020,"Sejong","Sejong-si",29010,"economy","company","total","count","28490"
2010,"Gyeonggi-do","Suwon-si",31010,"economy","company","total","count","57844"
2015,"Gyeonggi-do","Suwon-si",31010,"economy","company","total","count","68332"
2020,"Gyeonggi-do","Suwon-si",31010,"economy","company","total","count","109330"
2015,"Gyeonggi-do","Jangan-gu",31011,"economy","company","total","count","14360"
2010,"Gyeonggi-do","Jangan-gu",31011,"economy","company","total","count","14116"
2020,"Gyeonggi-do","Jangan-gu",31011,"economy","company","total","count","20835"
2010,"Gyeonggi-do","Gwonseon-gu",31012,"economy","company","total","count","15512"
2015,"Gyeonggi-do","Gwonseon-gu",31012,"economy","company","total","count","19375"
2020,"Gyeonggi-do","Gwonseon-gu",31012,"economy","company","total","count","33655"
2015,"Gyeonggi-do","Paldal-gu",31013,"economy","company","total","count","18808"
2010,"Gyeonggi-do","Paldal-gu",31013,"economy","company","total","count","16296"
2020,"Gyeonggi-do","Paldal-gu",31013,"economy","company","total","count","25906"
2020,"Gyeonggi-do","Yeongtong-gu",31014,"economy","company","total","count","28934"
2015,"Gyeonggi-do","Yeongtong-gu",31014,"economy","company","total","count","15789"
2010,"Gyeonggi-do","Yeongtong-gu",31014,"economy","company","total","count","11920"
2020,"Gyeonggi-do","Seongnam-si",31020,"economy","company","total","count","97505"
2015,"Gyeonggi-do","Seongnam-si",31020,"economy","company","total","count","62468"
2010,"Gyeonggi-do","Seongnam-si",31020,"economy","company","total","count","50923"
2015,"Gyeonggi-do","Sujeong-gu",31021,"economy","company","total","count","13239"
2010,"Gyeonggi-do","Sujeong-gu",31021,"economy","company","total","count","12575"
2020,"Gyeonggi-do","Sujeong-gu",31021,"economy","company","total","count","22573"
2020,"Gyeonggi-do","Jungwon-gu",31022,"economy","company","total","count","25524"
2010,"Gyeonggi-do","Jungwon-gu",31022,"economy","company","total","count","16627"
2015,"Gyeonggi-do","Jungwon-gu",31022,"economy","company","total","count","18475"
2015,"Gyeonggi-do","Bundang-gu",31023,"economy","company","total","count","30754"
2020,"Gyeonggi-do","Bundang-gu",31023,"economy","company","total","count","49408"
2010,"Gyeonggi-do","Bundang-gu",31023,"economy","company","total","count","21721"
2015,"Gyeonggi-do","Uijeongbu-si",31030,"economy","company","total","count","24923"
2010,"Gyeonggi-do","Uijeongbu-si",31030,"economy","company","total","count","23286"
2020,"Gyeonggi-do","Uijeongbu-si",31030,"economy","company","total","count","41425"
2010,"Gyeonggi-do","Anyang-si",31040,"economy","company","total","count","40740"
2015,"Gyeonggi-do","Anyang-si",31040,"economy","company","total","count","43617"
2020,"Gyeonggi-do","Anyang-si",31040,"economy","company","total","count","63348"
2020,"Gyeonggi-do","Manan-gu",31041,"economy","company","total","count","22696"
2015,"Gyeonggi-do","Manan-gu",31041,"economy","company","total","count","16888"
2010,"Gyeonggi-do","Manan-gu",31041,"economy","company","total","count","17363"
2010,"Gyeonggi-do","Dongan-gu",31042,"economy","company","total","count","23377"
2015,"Gyeonggi-do","Dongan-gu",31042,"economy","company","total","count","26729"
2020,"Gyeonggi-do","Dongan-gu",31042,"economy","company","total","count","40652"
2015,"Gyeonggi-do","Bucheon-si",31050,"economy","company","total","count","59219"
2010,"Gyeonggi-do","Bucheon-si",31050,"economy","company","total","count","54767"
2020,"Gyeonggi-do","Bucheon-si",31050,"economy","company","total","count","90250"
2010,NA,NA,31051,"economy","company","total","count","29631"
2015,NA,NA,31051,"economy","company","total","count","32849"
2015,NA,NA,31052,"economy","company","total","count","11728"
2010,NA,NA,31052,"economy","company","total","count","11560"
2015,NA,NA,31053,"economy","company","total","count","14642"
2010,NA,NA,31053,"economy","company","total","count","13576"
2010,"Gyeonggi-do","Gwangmyeong-si",31060,"economy","company","total","count","16435"
2020,"Gyeonggi-do","Gwangmyeong-si",31060,"economy","company","total","count","27517"
2015,"Gyeonggi-do","Gwangmyeong-si",31060,"economy","company","total","count","18300"
2020,"Gyeonggi-do","Pyeongtaek-si",31070,"economy","company","total","count","59691"
2010,"Gyeonggi-do","Pyeongtaek-si",31070,"economy","company","total","count","27703"
2015,"Gyeonggi-do","Pyeongtaek-si",31070,"economy","company","total","count","32926"
2010,"Gyeonggi-do","Dongducheon-si",31080,"economy","company","total","count","5886"
2020,"Gyeonggi-do","Dongducheon-si",31080,"economy","company","total","count","8826"
2015,"Gyeonggi-do","Dongducheon-si",31080,"economy","company","total","count","6192"
2015,"Gyeonggi-do","Ansan-si",31090,"economy","company","total","count","52090"
2010,"Gyeonggi-do","Ansan-si",31090,"economy","company","total","count","45278"
2020,"Gyeonggi-do","Ansan-si",31090,"economy","company","total","count","81784"
2010,"Gyeonggi-do","Sangnok-gu",31091,"economy","company","total","count","17742"
2015,"Gyeonggi-do","Sangnok-gu",31091,"economy","company","total","count","19368"
2020,"Gyeonggi-do","Sangnok-gu",31091,"economy","company","total","count","31143"
2020,"Gyeonggi-do","Danwon-gu",31092,"economy","company","total","count","50641"
2010,"Gyeonggi-do","Danwon-gu",31092,"economy","company","total","count","27536"
2015,"Gyeonggi-do","Danwon-gu",31092,"economy","company","total","count","32722"
2015,"Gyeonggi-do","Goyang-si",31100,"economy","company","total","count","60869"
2010,"Gyeonggi-do","Goyang-si",31100,"economy","company","total","count","49606"
2020,"Gyeonggi-do","Goyang-si",31100,"economy","company","total","count","107469"
2015,"Gyeonggi-do","Deogyang-gu",31101,"economy","company","total","count","21678"
2020,"Gyeonggi-do","Deogyang-gu",31101,"economy","company","total","count","39030"
2010,"Gyeonggi-do","Deogyang-gu",31101,"economy","company","total","count","18437"
2015,"Gyeonggi-do","Ilsandong-gu",31103,"economy","company","total","count","24192"
2020,"Gyeonggi-do","Ilsandong-gu",31103,"economy","company","total","count","42740"
2010,"Gyeonggi-do","Ilsandong-gu",31103,"economy","company","total","count","18346"
2010,"Gyeonggi-do","Ilsanseo-gu",31104,"economy","company","total","count","12823"
2015,"Gyeonggi-do","Ilsanseo-gu",31104,"economy","company","total","count","14999"
2020,"Gyeonggi-do","Ilsanseo-gu",31104,"economy","company","total","count","25699"
2010,"Gyeonggi-do","Gwacheon-si",31110,"economy","company","total","count","3409"
2015,"Gyeonggi-do","Gwacheon-si",31110,"economy","company","total","count","3662"
2020,"Gyeonggi-do","Gwacheon-si",31110,"economy","company","total","count","6068"
2010,"Gyeonggi-do","Guri-si",31120,"economy","company","total","count","11605"
2015,"Gyeonggi-do","Guri-si",31120,"economy","company","total","count","13251"
2020,"Gyeonggi-do","Guri-si",31120,"economy","company","total","count","21866"
2010,"Gyeonggi-do","Namyangju-si",31130,"economy","company","total","count","25587"
2020,"Gyeonggi-do","Namyangju-si",31130,"economy","company","total","count","68337"
2015,"Gyeonggi-do","Namyangju-si",31130,"economy","company","total","count","34130"
2015,"Gyeonggi-do","Osan-si",31140,"economy","company","total","count","11283"
2020,"Gyeonggi-do","Osan-si",31140,"economy","company","total","count","19532"
2010,"Gyeonggi-do","Osan-si",31140,"economy","company","total","count","9183"
2020,"Gyeonggi-do","Siheung-si",31150,"economy","company","total","count","68001"
2015,"Gyeonggi-do","Siheung-si",31150,"economy","company","total","count","38200"
2010,"Gyeonggi-do","Siheung-si",31150,"economy","company","total","count","31799"
2015,"Gyeonggi-do","Gunpo-si",31160,"economy","company","total","count","16208"
2020,"Gyeonggi-do","Gunpo-si",31160,"economy","company","total","count","26142"
2010,"Gyeonggi-do","Gunpo-si",31160,"economy","company","total","count","14566"
2020,"Gyeonggi-do","Uiwang-si",31170,"economy","company","total","count","13244"
2015,"Gyeonggi-do","Uiwang-si",31170,"economy","company","total","count","8143"
2010,"Gyeonggi-do","Uiwang-si",31170,"economy","company","total","count","6705"
2010,"Gyeonggi-do","Hanam-si",31180,"economy","company","total","count","10164"
2020,"Gyeonggi-do","Hanam-si",31180,"economy","company","total","count","31453"
2015,"Gyeonggi-do","Hanam-si",31180,"economy","company","total","count","12080"
2015,"Gyeonggi-do","Yongin-si",31190,"economy","company","total","count","46605"
2010,"Gyeonggi-do","Yongin-si",31190,"economy","company","total","count","35802"
2020,"Gyeonggi-do","Yongin-si",31190,"economy","company","total","count","95663"
2010,"Gyeonggi-do","Cheoin-gu",31191,"economy","company","total","count","14245"
2015,"Gyeonggi-do","Cheoin-gu",31191,"economy","company","total","count","17785"
2020,"Gyeonggi-do","Cheoin-gu",31191,"economy","company","total","count","34375"
2020,"Gyeonggi-do","Giheung-gu",31192,"economy","company","total","count","38244"
2015,"Gyeonggi-do","Giheung-gu",31192,"economy","company","total","count","17149"
2010,"Gyeonggi-do","Giheung-gu",31192,"economy","company","total","count","12465"
2015,"Gyeonggi-do","Suji-gu",31193,"economy","company","total","count","11671"
2010,"Gyeonggi-do","Suji-gu",31193,"economy","company","total","count","9092"
2020,"Gyeonggi-do","Suji-gu",31193,"economy","company","total","count","23044"
2010,"Gyeonggi-do","Paju-si",31200,"economy","company","total","count","19367"
2015,"Gyeonggi-do","Paju-si",31200,"economy","company","total","count","25971"
2020,"Gyeonggi-do","Paju-si",31200,"economy","company","total","count","53459"
2010,"Gyeonggi-do","Icheon-si",31210,"economy","company","total","count","12727"
2020,"Gyeonggi-do","Icheon-si",31210,"economy","company","total","count","27722"
2015,"Gyeonggi-do","Icheon-si",31210,"economy","company","total","count","15330"
2010,"Gyeonggi-do","Anseong-si",31220,"economy","company","total","count","11549"
2015,"Gyeonggi-do","Anseong-si",31220,"economy","company","total","count","13722"
2020,"Gyeonggi-do","Anseong-si",31220,"economy","company","total","count","24888"
2010,"Gyeonggi-do","Gimpo-si",31230,"economy","company","total","count","18584"
2020,"Gyeonggi-do","Gimpo-si",31230,"economy","company","total","count","57931"
2015,"Gyeonggi-do","Gimpo-si",31230,"economy","company","total","count","25752"
2010,"Gyeonggi-do","Hwaseong-si",31240,"economy","company","total","count","34963"
2015,"Gyeonggi-do","Hwaseong-si",31240,"economy","company","total","count","51953"
2020,"Gyeonggi-do","Hwaseong-si",31240,"economy","company","total","count","104961"
2015,"Gyeonggi-do","Gwangju-si",31250,"economy","company","total","count","24362"
2010,"Gyeonggi-do","Gwangju-si",31250,"economy","company","total","count","18446"
2020,"Gyeonggi-do","Gwangju-si",31250,"economy","company","total","count","44946"
2020,"Gyeonggi-do","Yangju-si",31260,"economy","company","total","count","27495"
2010,"Gyeonggi-do","Yangju-si",31260,"economy","company","total","count","13358"
2015,"Gyeonggi-do","Yangju-si",31260,"economy","company","total","count","15816"
2010,"Gyeonggi-do","Pocheon-si",31270,"economy","company","total","count","14402"
2015,"Gyeonggi-do","Pocheon-si",31270,"economy","company","total","count","17397"
2020,"Gyeonggi-do","Pocheon-si",31270,"economy","company","total","count","28111"
2015,"Gyeonggi-do","Yeoju-si",31280,"economy","company","total","count","8200"
2020,"Gyeonggi-do","Yeoju-si",31280,"economy","company","total","count","18074"
2010,NA,NA,31320,"economy","company","total","count","7309"
2015,"Gyeonggi-do","Yeoncheon-gun",31350,"economy","company","total","count","3577"
2020,"Gyeonggi-do","Yeoncheon-gun",31350,"economy","company","total","count","8746"
2010,"Gyeonggi-do","Yeoncheon-gun",31350,"economy","company","total","count","3290"
2015,"Gyeonggi-do","Gapyeong-gun",31370,"economy","company","total","count","6193"
2020,"Gyeonggi-do","Gapyeong-gun",31370,"economy","company","total","count","8916"
2010,"Gyeonggi-do","Gapyeong-gun",31370,"economy","company","total","count","5495"
2010,"Gyeonggi-do","Yangpyeong-gun",31380,"economy","company","total","count","6244"
2015,"Gyeonggi-do","Yangpyeong-gun",31380,"economy","company","total","count","7212"
2020,"Gyeonggi-do","Yangpyeong-gun",31380,"economy","company","total","count","12944"
2010,"Gangwon-do","Chuncheon-si",32010,"economy","company","total","count","19192"
2015,"Gangwon-do","Chuncheon-si",32010,"economy","company","total","count","21256"
2020,"Gangwon-do","Chuncheon-si",32010,"economy","company","total","count","32363"
2015,"Gangwon-do","Wonju-si",32020,"economy","company","total","count","27338"
2010,"Gangwon-do","Wonju-si",32020,"economy","company","total","count","22759"
2020,"Gangwon-do","Wonju-si",32020,"economy","company","total","count","40998"
2020,"Gangwon-do","Gangneung-si",32030,"economy","company","total","count","27992"
2015,"Gangwon-do","Gangneung-si",32030,"economy","company","total","count","19419"
2010,"Gangwon-do","Gangneung-si",32030,"economy","company","total","count","17977"
2015,"Gangwon-do","Donghae-si",32040,"economy","company","total","count","7761"
2010,"Gangwon-do","Donghae-si",32040,"economy","company","total","count","7713"
2020,"Gangwon-do","Donghae-si",32040,"economy","company","total","count","11111"
2015,"Gangwon-do","Taebaek-si",32050,"economy","company","total","count","4302"
2010,"Gangwon-do","Taebaek-si",32050,"economy","company","total","count","4062"
2020,"Gangwon-do","Taebaek-si",32050,"economy","company","total","count","5329"
2010,"Gangwon-do","Sokcho-si",32060,"economy","company","total","count","7253"
2020,"Gangwon-do","Sokcho-si",32060,"economy","company","total","count","11158"
2015,"Gangwon-do","Sokcho-si",32060,"economy","company","total","count","8077"
2020,"Gangwon-do","Samcheok-si",32070,"economy","company","total","count","8445"
2010,"Gangwon-do","Samcheok-si",32070,"economy","company","total","count","5376"
2015,"Gangwon-do","Samcheok-si",32070,"economy","company","total","count","6283"
2015,"Gangwon-do","Hongcheon-gun",32310,"economy","company","total","count","6049"
2020,"Gangwon-do","Hongcheon-gun",32310,"economy","company","total","count","9097"
2010,"Gangwon-do","Hongcheon-gun",32310,"economy","company","total","count","4900"
2010,"Gangwon-do","Hoengseong-gun",32320,"economy","company","total","count","3149"
2015,"Gangwon-do","Hoengseong-gun",32320,"economy","company","total","count","3818"
2020,"Gangwon-do","Hoengseong-gun",32320,"economy","company","total","count","5615"
2020,"Gangwon-do","Yeongwol-gun",32330,"economy","company","total","count","5232"
2010,"Gangwon-do","Yeongwol-gun",32330,"economy","company","total","count","3266"
2015,"Gangwon-do","Yeongwol-gun",32330,"economy","company","total","count","3662"
2020,"Gangwon-do","Pyeongchang-gun",32340,"economy","company","total","count","6257"
2015,"Gangwon-do","Pyeongchang-gun",32340,"economy","company","total","count","4492"
2010,"Gangwon-do","Pyeongchang-gun",32340,"economy","company","total","count","4027"
2020,"Gangwon-do","Jeongseon-gun",32350,"economy","company","total","count","5045"
2015,"Gangwon-do","Jeongseon-gun",32350,"economy","company","total","count","3874"
2010,"Gangwon-do","Jeongseon-gun",32350,"economy","company","total","count","3326"
2020,"Gangwon-do","Cheorwon-gun",32360,"economy","company","total","count","4934"
2015,"Gangwon-do","Cheorwon-gun",32360,"economy","company","total","count","3631"
2010,"Gangwon-do","Cheorwon-gun",32360,"economy","company","total","count","3295"
2010,"Gangwon-do","Hwacheon-gun",32370,"economy","company","total","count","1680"
2020,"Gangwon-do","Hwacheon-gun",32370,"economy","company","total","count","2955"
2015,"Gangwon-do","Hwacheon-gun",32370,"economy","company","total","count","2061"
2020,"Gangwon-do","Yanggu-gun",32380,"economy","company","total","count","3047"
2010,"Gangwon-do","Yanggu-gun",32380,"economy","company","total","count","1624"
2015,"Gangwon-do","Yanggu-gun",32380,"economy","company","total","count","1849"
2020,"Gangwon-do","Inje-gun",32390,"economy","company","total","count","4780"
2015,"Gangwon-do","Inje-gun",32390,"economy","company","total","count","3309"
2010,"Gangwon-do","Inje-gun",32390,"economy","company","total","count","2775"
2020,"Gangwon-do","Goseong-gun",32400,"economy","company","total","count","4004"
2010,"Gangwon-do","Goseong-gun",32400,"economy","company","total","count","2505"
2015,"Gangwon-do","Goseong-gun",32400,"economy","company","total","count","2701"
2010,"Gangwon-do","Yangyang-gun",32410,"economy","company","total","count","3387"
2020,"Gangwon-do","Yangyang-gun",32410,"economy","company","total","count","4712"
2015,"Gangwon-do","Yangyang-gun",32410,"economy","company","total","count","3635"
2010,NA,NA,33010,"economy","company","total","count","42960"
2010,NA,NA,33011,"economy","company","total","count","18753"
2010,NA,NA,33012,"economy","company","total","count","24207"
2010,"Chungcheongbuk-do","Chungju-si",33020,"economy","company","total","count","15640"
2020,"Chungcheongbuk-do","Chungju-si",33020,"economy","company","total","count","25940"
2015,"Chungcheongbuk-do","Chungju-si",33020,"economy","company","total","count","17087"
2020,"Chungcheongbuk-do","Jecheon-si",33030,"economy","company","total","count","18005"
2010,"Chungcheongbuk-do","Jecheon-si",33030,"economy","company","total","count","10767"
2015,"Chungcheongbuk-do","Jecheon-si",33030,"economy","company","total","count","12380"
2015,"Chungcheongbuk-do","Cheongju-si",33040,"economy","company","total","count","58341"
2020,"Chungcheongbuk-do","Cheongju-si",33040,"economy","company","total","count","91570"
2020,"Chungcheongbuk-do","Sangdang-gu",33041,"economy","company","total","count","18886"
2015,"Chungcheongbuk-do","Sangdang-gu",33041,"economy","company","total","count","13430"
2015,"Chungcheongbuk-do","Seowon-gu",33042,"economy","company","total","count","13984"
2020,"Chungcheongbuk-do","Seowon-gu",33042,"economy","company","total","count","20372"
2020,"Chungcheongbuk-do","Heungdeok-gu",33043,"economy","company","total","count","29605"
2015,"Chungcheongbuk-do","Heungdeok-gu",33043,"economy","company","total","count","17998"
2020,"Chungcheongbuk-do","Cheongwon-gu",33044,"economy","company","total","count","22707"
2015,"Chungcheongbuk-do","Cheongwon-gu",33044,"economy","company","total","count","12929"
2010,NA,NA,33310,"economy","company","total","count","8829"
2010,"Chungcheongbuk-do","Boeun-gun",33320,"economy","company","total","count","2455"
2020,"Chungcheongbuk-do","Boeun-gun",33320,"economy","company","total","count","4246"
2015,"Chungcheongbuk-do","Boeun-gun",33320,"economy","company","total","count","2876"
2020,"Chungcheongbuk-do","Okcheon-gun",33330,"economy","company","total","count","7088"
2010,"Chungcheongbuk-do","Okcheon-gun",33330,"economy","company","total","count","3693"
2015,"Chungcheongbuk-do","Okcheon-gun",33330,"economy","company","total","count","4017"
2010,"Chungcheongbuk-do","Yeongdong-gun",33340,"economy","company","total","count","3088"
2020,"Chungcheongbuk-do","Yeongdong-gun",33340,"economy","company","total","count","5048"
2015,"Chungcheongbuk-do","Yeongdong-gun",33340,"economy","company","total","count","3547"
2010,"Chungcheongbuk-do","Jincheon-gun",33350,"economy","company","total","count","4491"
2020,"Chungcheongbuk-do","Jincheon-gun",33350,"economy","company","total","count","10950"
2015,"Chungcheongbuk-do","Jincheon-gun",33350,"economy","company","total","count","6096"
2020,"Chungcheongbuk-do","Goesan-gun",33360,"economy","company","total","count","4645"
2010,"Chungcheongbuk-do","Goesan-gun",33360,"economy","company","total","count","2468"
2015,"Chungcheongbuk-do","Goesan-gun",33360,"economy","company","total","count","2808"
2010,"Chungcheongbuk-do","Eumseong-gun",33370,"economy","company","total","count","6358"
2020,"Chungcheongbuk-do","Eumseong-gun",33370,"economy","company","total","count","14967"
2015,"Chungcheongbuk-do","Eumseong-gun",33370,"economy","company","total","count","8701"
2020,"Chungcheongbuk-do","Danyang-gun",33380,"economy","company","total","count","4332"
2010,"Chungcheongbuk-do","Danyang-gun",33380,"economy","company","total","count","2713"
2015,"Chungcheongbuk-do","Danyang-gun",33380,"economy","company","total","count","2969"
2010,"Chungcheongbuk-do","Jeungpyeong-gun",33390,"economy","company","total","count","2294"
2020,"Chungcheongbuk-do","Jeungpyeong-gun",33390,"economy","company","total","count","4474"
2015,"Chungcheongbuk-do","Jeungpyeong-gun",33390,"economy","company","total","count","2671"
2020,"Chungcheongnam-do","Cheonan-si",34010,"economy","company","total","count","73365"
2010,"Chungcheongnam-do","Cheonan-si",34010,"economy","company","total","count","36095"
2015,"Chungcheongnam-do","Cheonan-si",34010,"economy","company","total","count","46226"
2010,"Chungcheongnam-do","Dongnam-gu",34011,"economy","company","total","count","16933"
2015,"Chungcheongnam-do","Dongnam-gu",34011,"economy","company","total","count","21197"
2020,"Chungcheongnam-do","Dongnam-gu",34011,"economy","company","total","count","32625"
2020,"Chungcheongnam-do","Seobuk-gu",34012,"economy","company","total","count","40740"
2015,"Chungcheongnam-do","Seobuk-gu",34012,"economy","company","total","count","25029"
2010,"Chungcheongnam-do","Seobuk-gu",34012,"economy","company","total","count","19162"
2010,"Chungcheongnam-do","Gongju-si",34020,"economy","company","total","count","8012"
2020,"Chungcheongnam-do","Gongju-si",34020,"economy","company","total","count","13848"
2015,"Chungcheongnam-do","Gongju-si",34020,"economy","company","total","count","8866"
2010,"Chungcheongnam-do","Boryeong-si",34030,"economy","company","total","count","7601"
2015,"Chungcheongnam-do","Boryeong-si",34030,"economy","company","total","count","8425"
2020,"Chungcheongnam-do","Boryeong-si",34030,"economy","company","total","count","13142"
2010,"Chungcheongnam-do","Asan-si",34040,"economy","company","total","count","14406"
2015,"Chungcheongnam-do","Asan-si",34040,"economy","company","total","count","19858"
2020,"Chungcheongnam-do","Asan-si",34040,"economy","company","total","count","34436"
2010,"Chungcheongnam-do","Seosan-si",34050,"economy","company","total","count","9926"
2015,"Chungcheongnam-do","Seosan-si",34050,"economy","company","total","count","11866"
2020,"Chungcheongnam-do","Seosan-si",34050,"economy","company","total","count","19112"
2020,"Chungcheongnam-do","Nonsan-si",34060,"economy","company","total","count","16015"
2010,"Chungcheongnam-do","Nonsan-si",34060,"economy","company","total","count","9243"
2015,"Chungcheongnam-do","Nonsan-si",34060,"economy","company","total","count","10616"
2020,"Chungcheongnam-do","Gyeryong-si",34070,"economy","company","total","count","3217"
2015,"Chungcheongnam-do","Gyeryong-si",34070,"economy","company","total","count","2083"
2010,"Chungcheongnam-do","Gyeryong-si",34070,"economy","company","total","count","1780"
2020,"Chungcheongnam-do","Dangjin-si",34080,"economy","company","total","count","20189"
2015,"Chungcheongnam-do","Dangjin-si",34080,"economy","company","total","count","12125"
2020,"Chungcheongnam-do","Geumsan-gun",34310,"economy","company","total","count","8909"
2015,"Chungcheongnam-do","Geumsan-gun",34310,"economy","company","total","count","5537"
2010,"Chungcheongnam-do","Geumsan-gun",34310,"economy","company","total","count","4757"
2010,NA,NA,34320,"economy","company","total","count","4943"
2015,"Chungcheongnam-do","Buyeo-gun",34330,"economy","company","total","count","4884"
2020,"Chungcheongnam-do","Buyeo-gun",34330,"economy","company","total","count","7804"
2010,"Chungcheongnam-do","Buyeo-gun",34330,"economy","company","total","count","4712"
2020,"Chungcheongnam-do","Seocheon-gun",34340,"economy","company","total","count","7206"
2015,"Chungcheongnam-do","Seocheon-gun",34340,"economy","company","total","count","4564"
2010,"Chungcheongnam-do","Seocheon-gun",34340,"economy","company","total","count","4364"
2020,"Chungcheongnam-do","Cheongyang-gun",34350,"economy","company","total","count","4444"
2010,"Chungcheongnam-do","Cheongyang-gun",34350,"economy","company","total","count","2075"
2015,"Chungcheongnam-do","Cheongyang-gun",34350,"economy","company","total","count","2934"
2020,"Chungcheongnam-do","Hongseong-gun",34360,"economy","company","total","count","12176"
2015,"Chungcheongnam-do","Hongseong-gun",34360,"economy","company","total","count","7668"
2010,"Chungcheongnam-do","Hongseong-gun",34360,"economy","company","total","count","6546"
2020,"Chungcheongnam-do","Yesan-gun",34370,"economy","company","total","count","10431"
2010,"Chungcheongnam-do","Yesan-gun",34370,"economy","company","total","count","5898"
2015,"Chungcheongnam-do","Yesan-gun",34370,"economy","company","total","count","6773"
2020,"Chungcheongnam-do","Taean-gun",34380,"economy","company","total","count","8898"
2010,"Chungcheongnam-do","Taean-gun",34380,"economy","company","total","count","4981"
2015,"Chungcheongnam-do","Taean-gun",34380,"economy","company","total","count","5881"
2010,NA,NA,34390,"economy","company","total","count","8978"
2020,"Jeollabuk-do","Jeonju-si",35010,"economy","company","total","count","76263"
2010,"Jeollabuk-do","Jeonju-si",35010,"economy","company","total","count","42052"
2015,"Jeollabuk-do","Jeonju-si",35010,"economy","company","total","count","52338"
2010,"Jeollabuk-do","Wansan-gu",35011,"economy","company","total","count","24357"
2015,"Jeollabuk-do","Wansan-gu",35011,"economy","company","total","count","29811"
2020,"Jeollabuk-do","Wansan-gu",35011,"economy","company","total","count","41716"
2010,"Jeollabuk-do","Deokjin-gu",35012,"economy","company","total","count","17695"
2020,"Jeollabuk-do","Deokjin-gu",35012,"economy","company","total","count","34547"
2015,"Jeollabuk-do","Deokjin-gu",35012,"economy","company","total","count","22527"
2020,"Jeollabuk-do","Gunsan-si",35020,"economy","company","total","count","32326"
2015,"Jeollabuk-do","Gunsan-si",35020,"economy","company","total","count","22238"
2010,"Jeollabuk-do","Gunsan-si",35020,"economy","company","total","count","19938"
2010,"Jeollabuk-do","Iksan-si",35030,"economy","company","total","count","20027"
2020,"Jeollabuk-do","Iksan-si",35030,"economy","company","total","count","34546"
2015,"Jeollabuk-do","Iksan-si",35030,"economy","company","total","count","22895"
2020,"Jeollabuk-do","Jeongeup-si",35040,"economy","company","total","count","15137"
2015,"Jeollabuk-do","Jeongeup-si",35040,"economy","company","total","count","8864"
2010,"Jeollabuk-do","Jeongeup-si",35040,"economy","company","total","count","7995"
2015,"Jeollabuk-do","Namwon-si",35050,"economy","company","total","count","7191"
2010,"Jeollabuk-do","Namwon-si",35050,"economy","company","total","count","6509"
2020,"Jeollabuk-do","Namwon-si",35050,"economy","company","total","count","11437"
2015,"Jeollabuk-do","Gimje-si",35060,"economy","company","total","count","7049"
2020,"Jeollabuk-do","Gimje-si",35060,"economy","company","total","count","12660"
2010,"Jeollabuk-do","Gimje-si",35060,"economy","company","total","count","6264"
2020,"Jeollabuk-do","Wanju-gun",35310,"economy","company","total","count","12336"
2010,"Jeollabuk-do","Wanju-gun",35310,"economy","company","total","count","4536"
2015,"Jeollabuk-do","Wanju-gun",35310,"economy","company","total","count","6377"
2020,"Jeollabuk-do","Jinan-gun",35320,"economy","company","total","count","3230"
2010,"Jeollabuk-do","Jinan-gun",35320,"economy","company","total","count","1449"
2015,"Jeollabuk-do","Jinan-gun",35320,"economy","company","total","count","1841"
2010,"Jeollabuk-do","Muju-gun",35330,"economy","company","total","count","1992"
2015,"Jeollabuk-do","Muju-gun",35330,"economy","company","total","count","2275"
2020,"Jeollabuk-do","Muju-gun",35330,"economy","company","total","count","3381"
2015,"Jeollabuk-do","Jangsu-gun",35340,"economy","company","total","count","1454"
2020,"Jeollabuk-do","Jangsu-gun",35340,"economy","company","total","count","2972"
2010,"Jeollabuk-do","Jangsu-gun",35340,"economy","company","total","count","1360"
2020,"Jeollabuk-do","Imsil-gun",35350,"economy","company","total","count","4042"
2010,"Jeollabuk-do","Imsil-gun",35350,"economy","company","total","count","1932"
2015,"Jeollabuk-do","Imsil-gun",35350,"economy","company","total","count","2245"
2020,"Jeollabuk-do","Sunchang-gun",35360,"economy","company","total","count","3132"
2010,"Jeollabuk-do","Sunchang-gun",35360,"economy","company","total","count","2018"
2015,"Jeollabuk-do","Sunchang-gun",35360,"economy","company","total","count","2164"
2010,"Jeollabuk-do","Gochang-gun",35370,"economy","company","total","count","4143"
2020,"Jeollabuk-do","Gochang-gun",35370,"economy","company","total","count","7036"
2015,"Jeollabuk-do","Gochang-gun",35370,"economy","company","total","count","4937"
2015,"Jeollabuk-do","Buan-gun",35380,"economy","company","total","count","4784"
2010,"Jeollabuk-do","Buan-gun",35380,"economy","company","total","count","4490"
2020,"Jeollabuk-do","Buan-gun",35380,"economy","company","total","count","7466"
2020,"Jeollanam-do","Mokpo-si",36010,"economy","company","total","count","28781"
2015,"Jeollanam-do","Mokpo-si",36010,"economy","company","total","count","20519"
2010,"Jeollanam-do","Mokpo-si",36010,"economy","company","total","count","19109"
2020,"Jeollanam-do","Yeosu-si",36020,"economy","company","total","count","33046"
2010,"Jeollanam-do","Yeosu-si",36020,"economy","company","total","count","20177"
2015,"Jeollanam-do","Yeosu-si",36020,"economy","company","total","count","22847"
2010,"Jeollanam-do","Suncheon-si",36030,"economy","company","total","count","17565"
2020,"Jeollanam-do","Suncheon-si",36030,"economy","company","total","count","31691"
2015,"Jeollanam-do","Suncheon-si",36030,"economy","company","total","count","21042"
2015,"Jeollanam-do","Naju-si",36040,"economy","company","total","count","7150"
2010,"Jeollanam-do","Naju-si",36040,"economy","company","total","count","5504"
2020,"Jeollanam-do","Naju-si",36040,"economy","company","total","count","14796"
2015,"Jeollanam-do","Gwangyang-si",36060,"economy","company","total","count","11014"
2020,"Jeollanam-do","Gwangyang-si",36060,"economy","company","total","count","18478"
2010,"Jeollanam-do","Gwangyang-si",36060,"economy","company","total","count","9621"
2020,"Jeollanam-do","Damyang-gun",36310,"economy","company","total","count","6783"
2010,"Jeollanam-do","Damyang-gun",36310,"economy","company","total","count","2805"
2015,"Jeollanam-do","Damyang-gun",36310,"economy","company","total","count","3731"
2020,"Jeollanam-do","Gokseong-gun",36320,"economy","company","total","count","3554"
2010,"Jeollanam-do","Gokseong-gun",36320,"economy","company","total","count","1648"
2015,"Jeollanam-do","Gokseong-gun",36320,"economy","company","total","count","2057"
2010,"Jeollanam-do","Gurye-gun",36330,"economy","company","total","count","2099"
2015,"Jeollanam-do","Gurye-gun",36330,"economy","company","total","count","2268"
2020,"Jeollanam-do","Gurye-gun",36330,"economy","company","total","count","3163"
2015,"Jeollanam-do","Goheung-gun",36350,"economy","company","total","count","5083"
2020,"Jeollanam-do","Goheung-gun",36350,"economy","company","total","count","7555"
2010,"Jeollanam-do","Goheung-gun",36350,"economy","company","total","count","4606"
2020,"Jeollanam-do","Boseong-gun",36360,"economy","company","total","count","5030"
2010,"Jeollanam-do","Boseong-gun",36360,"economy","company","total","count","3156"
2015,"Jeollanam-do","Boseong-gun",36360,"economy","company","total","count","3894"
2020,"Jeollanam-do","Hwasun-gun",36370,"economy","company","total","count","7395"
2015,"Jeollanam-do","Hwasun-gun",36370,"economy","company","total","count","4952"
2010,"Jeollanam-do","Hwasun-gun",36370,"economy","company","total","count","3995"
2020,"Jeollanam-do","Jangheung-gun",36380,"economy","company","total","count","4789"
2010,"Jeollanam-do","Jangheung-gun",36380,"economy","company","total","count","3046"
2015,"Jeollanam-do","Jangheung-gun",36380,"economy","company","total","count","3678"
2020,"Jeollanam-do","Gangjin-gun",36390,"economy","company","total","count","5457"
2015,"Jeollanam-do","Gangjin-gun",36390,"economy","company","total","count","3070"
2010,"Jeollanam-do","Gangjin-gun",36390,"economy","company","total","count","2599"
2010,"Jeollanam-do","Haenam-gun",36400,"economy","company","total","count","5117"
2020,"Jeollanam-do","Haenam-gun",36400,"economy","company","total","count","8903"
2015,"Jeollanam-do","Haenam-gun",36400,"economy","company","total","count","5558"
2020,"Jeollanam-do","Yeongam-gun",36410,"economy","company","total","count","7769"
2015,"Jeollanam-do","Yeongam-gun",36410,"economy","company","total","count","4599"
2010,"Jeollanam-do","Yeongam-gun",36410,"economy","company","total","count","3167"
2010,"Jeollanam-do","Muan-gun",36420,"economy","company","total","count","3706"
2020,"Jeollanam-do","Muan-gun",36420,"economy","company","total","count","9473"
2015,"Jeollanam-do","Muan-gun",36420,"economy","company","total","count","5164"
2010,"Jeollanam-do","Hampyeong-gun",36430,"economy","company","total","count","2084"
2015,"Jeollanam-do","Hampyeong-gun",36430,"economy","company","total","count","2385"
2020,"Jeollanam-do","Hampyeong-gun",36430,"economy","company","total","count","3858"
2015,"Jeollanam-do","Yeonggwang-gun",36440,"economy","company","total","count","4766"
2020,"Jeollanam-do","Yeonggwang-gun",36440,"economy","company","total","count","6675"
2010,"Jeollanam-do","Yeonggwang-gun",36440,"economy","company","total","count","3988"
2015,"Jeollanam-do","Jangseong-gun",36450,"economy","company","total","count","3184"
2020,"Jeollanam-do","Jangseong-gun",36450,"economy","company","total","count","6265"
2010,"Jeollanam-do","Jangseong-gun",36450,"economy","company","total","count","2617"
2020,"Jeollanam-do","Wando-gun",36460,"economy","company","total","count","6342"
2010,"Jeollanam-do","Wando-gun",36460,"economy","company","total","count","3612"
2015,"Jeollanam-do","Wando-gun",36460,"economy","company","total","count","4240"
2010,"Jeollanam-do","Jindo-gun",36470,"economy","company","total","count","2260"
2020,"Jeollanam-do","Jindo-gun",36470,"economy","company","total","count","3988"
2015,"Jeollanam-do","Jindo-gun",36470,"economy","company","total","count","2815"
2015,"Jeollanam-do","Sinan-gun",36480,"economy","company","total","count","3180"
2010,"Jeollanam-do","Sinan-gun",36480,"economy","company","total","count","2914"
2020,"Jeollanam-do","Sinan-gun",36480,"economy","company","total","count","4428"
2020,"Gyeongsangbuk-do","Pohang-si",37010,"economy","company","total","count","58581"
2010,"Gyeongsangbuk-do","Pohang-si",37010,"economy","company","total","count","36052"
2015,"Gyeongsangbuk-do","Pohang-si",37010,"economy","company","total","count","40356"
2020,"Gyeongsangbuk-do","Nam-gu",37011,"economy","company","total","count","29454"
2010,"Gyeongsangbuk-do","Nam-gu",37011,"economy","company","total","count","17359"
2015,"Gyeongsangbuk-do","Nam-gu",37011,"economy","company","total","count","19781"
2020,"Gyeongsangbuk-do","Buk-gu",37012,"economy","company","total","count","29127"
2010,"Gyeongsangbuk-do","Buk-gu",37012,"economy","company","total","count","18693"
2015,"Gyeongsangbuk-do","Buk-gu",37012,"economy","company","total","count","20575"
2010,"Gyeongsangbuk-do","Gyeongju-si",37020,"economy","company","total","count","19845"
2015,"Gyeongsangbuk-do","Gyeongju-si",37020,"economy","company","total","count","23531"
2020,"Gyeongsangbuk-do","Gyeongju-si",37020,"economy","company","total","count","33233"
2010,"Gyeongsangbuk-do","Gimcheon-si",37030,"economy","company","total","count","8836"
2020,"Gyeongsangbuk-do","Gimcheon-si",37030,"economy","company","total","count","14843"
2015,"Gyeongsangbuk-do","Gimcheon-si",37030,"economy","company","total","count","9837"
2020,"Gyeongsangbuk-do","Andong-si",37040,"economy","company","total","count","19976"
2015,"Gyeongsangbuk-do","Andong-si",37040,"economy","company","total","count","13526"
2010,"Gyeongsangbuk-do","Andong-si",37040,"economy","company","total","count","12469"
2010,"Gyeongsangbuk-do","Gumi-si",37050,"economy","company","total","count","26207"
2020,"Gyeongsangbuk-do","Gumi-si",37050,"economy","company","total","count","46784"
2015,"Gyeongsangbuk-do","Gumi-si",37050,"economy","company","total","count","33464"
2020,"Gyeongsangbuk-do","Yeongju-si",37060,"economy","company","total","count","13324"
2015,"Gyeongsangbuk-do","Yeongju-si",37060,"economy","company","total","count","9454"
2010,"Gyeongsangbuk-do","Yeongju-si",37060,"economy","company","total","count","8631"
2015,"Gyeongsangbuk-do","Yeongcheon-si",37070,"economy","company","total","count","8606"
2020,"Gyeongsangbuk-do","Yeongcheon-si",37070,"economy","company","total","count","13798"
2010,"Gyeongsangbuk-do","Yeongcheon-si",37070,"economy","company","total","count","7410"
2015,"Gyeongsangbuk-do","Sangju-si",37080,"economy","company","total","count","7567"
2010,"Gyeongsangbuk-do","Sangju-si",37080,"economy","company","total","count","6974"
2020,"Gyeongsangbuk-do","Sangju-si",37080,"economy","company","total","count","12341"
2010,"Gyeongsangbuk-do","Mungyeong-si",37090,"economy","company","total","count","5592"
2015,"Gyeongsangbuk-do","Mungyeong-si",37090,"economy","company","total","count","6021"
2020,"Gyeongsangbuk-do","Mungyeong-si",37090,"economy","company","total","count","8318"
2010,"Gyeongsangbuk-do","Gyeongsan-si",37100,"economy","company","total","count","15244"
2020,"Gyeongsangbuk-do","Gyeongsan-si",37100,"economy","company","total","count","29875"
2015,"Gyeongsangbuk-do","Gyeongsan-si",37100,"economy","company","total","count","19016"
2010,"Gyeongsangbuk-do","Gunwi-gun",37310,"economy","company","total","count","1540"
2015,"Gyeongsangbuk-do","Gunwi-gun",37310,"economy","company","total","count","1835"
2020,"Gyeongsangbuk-do","Gunwi-gun",37310,"economy","company","total","count","3167"
2015,"Gyeongsangbuk-do","Uiseong-gun",37320,"economy","company","total","count","4053"
2010,"Gyeongsangbuk-do","Uiseong-gun",37320,"economy","company","total","count","3652"
2020,"Gyeongsangbuk-do","Uiseong-gun",37320,"economy","company","total","count","6072"
2010,"Gyeongsangbuk-do","Cheongsong-gun",37330,"economy","company","total","count","1986"
2015,"Gyeongsangbuk-do","Cheongsong-gun",37330,"economy","company","total","count","2169"
2020,"Gyeongsangbuk-do","Cheongsong-gun",37330,"economy","company","total","count","2981"
2010,"Gyeongsangbuk-do","Yeongyang-gun",37340,"economy","company","total","count","1127"
2020,"Gyeongsangbuk-do","Yeongyang-gun",37340,"economy","company","total","count","1766"
2015,"Gyeongsangbuk-do","Yeongyang-gun",37340,"economy","company","total","count","1271"
2020,"Gyeongsangbuk-do","Yeongdeok-gun",37350,"economy","company","total","count","5256"
2010,"Gyeongsangbuk-do","Yeongdeok-gun",37350,"economy","company","total","count","3413"
2015,"Gyeongsangbuk-do","Yeongdeok-gun",37350,"economy","company","total","count","3847"
2015,"Gyeongsangbuk-do","Cheongdo-gun",37360,"economy","company","total","count","3779"
2010,"Gyeongsangbuk-do","Cheongdo-gun",37360,"economy","company","total","count","3128"
2020,"Gyeongsangbuk-do","Cheongdo-gun",37360,"economy","company","total","count","5372"
2015,"Gyeongsangbuk-do","Goryeong-gun",37370,"economy","company","total","count","3680"
2010,"Gyeongsangbuk-do","Goryeong-gun",37370,"economy","company","total","count","2819"
2020,"Gyeongsangbuk-do","Goryeong-gun",37370,"economy","company","total","count","5368"
2010,"Gyeongsangbuk-do","Seongju-gun",37380,"economy","company","total","count","3114"
2020,"Gyeongsangbuk-do","Seongju-gun",37380,"economy","company","total","count","7235"
2015,"Gyeongsangbuk-do","Seongju-gun",37380,"economy","company","total","count","4259"
2010,"Gyeongsangbuk-do","Chilgok-gun",37390,"economy","company","total","count","8214"
2020,"Gyeongsangbuk-do","Chilgok-gun",37390,"economy","company","total","count","16997"
2015,"Gyeongsangbuk-do","Chilgok-gun",37390,"economy","company","total","count","10976"
2015,"Gyeongsangbuk-do","Yecheon-gun",37400,"economy","company","total","count","3326"
2020,"Gyeongsangbuk-do","Yecheon-gun",37400,"economy","company","total","count","5303"
2010,"Gyeongsangbuk-do","Yecheon-gun",37400,"economy","company","total","count","3067"
2015,"Gyeongsangbuk-do","Bonghwa-gun",37410,"economy","company","total","count","2433"
2010,"Gyeongsangbuk-do","Bonghwa-gun",37410,"economy","company","total","count","2295"
2020,"Gyeongsangbuk-do","Bonghwa-gun",37410,"economy","company","total","count","3330"
2010,"Gyeongsangbuk-do","Uljin-gun",37420,"economy","company","total","count","4005"
2015,"Gyeongsangbuk-do","Uljin-gun",37420,"economy","company","total","count","4531"
2020,"Gyeongsangbuk-do","Uljin-gun",37420,"economy","company","total","count","5742"
2010,"Gyeongsangbuk-do","Ulleung-gun",37430,"economy","company","total","count","1073"
2020,"Gyeongsangbuk-do","Ulleung-gun",37430,"economy","company","total","count","1399"
2015,"Gyeongsangbuk-do","Ulleung-gun",37430,"economy","company","total","count","1258"
2020,"Gyeongsangnam-do","Jinju-si",38030,"economy","company","total","count","40850"
2010,"Gyeongsangnam-do","Jinju-si",38030,"economy","company","total","count","26011"
2015,"Gyeongsangnam-do","Jinju-si",38030,"economy","company","total","count","28055"
2015,"Gyeongsangnam-do","Tongyeong-si",38050,"economy","company","total","count","11034"
2010,"Gyeongsangnam-do","Tongyeong-si",38050,"economy","company","total","count","9805"
2020,"Gyeongsangnam-do","Tongyeong-si",38050,"economy","company","total","count","14831"
2010,"Gyeongsangnam-do","Sacheon-si",38060,"economy","company","total","count","8365"
2015,"Gyeongsangnam-do","Sacheon-si",38060,"economy","company","total","count","9591"
2020,"Gyeongsangnam-do","Sacheon-si",38060,"economy","company","total","count","13146"
2020,"Gyeongsangnam-do","Gimhae-si",38070,"economy","company","total","count","66649"
2010,"Gyeongsangnam-do","Gimhae-si",38070,"economy","company","total","count","34861"
2015,"Gyeongsangnam-do","Gimhae-si",38070,"economy","company","total","count","43387"
2020,"Gyeongsangnam-do","Miryang-si",38080,"economy","company","total","count","13462"
2010,"Gyeongsangnam-do","Miryang-si",38080,"economy","company","total","count","7820"
2015,"Gyeongsangnam-do","Miryang-si",38080,"economy","company","total","count","8965"
2015,"Gyeongsangnam-do","Geoje-si",38090,"economy","company","total","count","15326"
2010,"Gyeongsangnam-do","Geoje-si",38090,"economy","company","total","count","12834"
2020,"Gyeongsangnam-do","Geoje-si",38090,"economy","company","total","count","22180"
2010,"Gyeongsangnam-do","Yangsan-si",38100,"economy","company","total","count","17028"
2015,"Gyeongsangnam-do","Yangsan-si",38100,"economy","company","total","count","21904"
2020,"Gyeongsangnam-do","Yangsan-si",38100,"economy","company","total","count","41440"
2010,"Gyeongsangnam-do","Changwon-si",38110,"economy","company","total","count","73132"
2015,"Gyeongsangnam-do","Changwon-si",38110,"economy","company","total","count","83187"
2020,"Gyeongsangnam-do","Changwon-si",38110,"economy","company","total","count","114518"
2015,"Gyeongsangnam-do","Uichang-gu",38111,"economy","company","total","count","22256"
2010,"Gyeongsangnam-do","Uichang-gu",38111,"economy","company","total","count","19704"
2020,"Gyeongsangnam-do","Uichang-gu",38111,"economy","company","total","count","31246"
2020,"Gyeongsangnam-do","Seongsan-gu",38112,"economy","company","total","count","24659"
2010,"Gyeongsangnam-do","Seongsan-gu",38112,"economy","company","total","count","13933"
2015,"Gyeongsangnam-do","Seongsan-gu",38112,"economy","company","total","count","18144"
2010,"Gyeongsangnam-do","Masanhappo-gu",38113,"economy","company","total","count","15393"
2015,"Gyeongsangnam-do","Masanhappo-gu",38113,"economy","company","total","count","17214"
2020,"Gyeongsangnam-do","Masanhappo-gu",38113,"economy","company","total","count","22579"
2015,"Gyeongsangnam-do","Masanhoewon-gu",38114,"economy","company","total","count","15133"
2010,"Gyeongsangnam-do","Masanhoewon-gu",38114,"economy","company","total","count","14555"
2020,"Gyeongsangnam-do","Masanhoewon-gu",38114,"economy","company","total","count","20848"
2010,"Gyeongsangnam-do","Jinhae-gu",38115,"economy","company","total","count","9547"
2015,"Gyeongsangnam-do","Jinhae-gu",38115,"economy","company","total","count","10440"
2020,"Gyeongsangnam-do","Jinhae-gu",38115,"economy","company","total","count","15186"
2010,"Gyeongsangnam-do","Uiryeong-gun",38310,"economy","company","total","count","1765"
2020,"Gyeongsangnam-do","Uiryeong-gun",38310,"economy","company","total","count","3051"
2015,"Gyeongsangnam-do","Uiryeong-gun",38310,"economy","company","total","count","1933"
2020,"Gyeongsangnam-do","Haman-gun",38320,"economy","company","total","count","10977"
2015,"Gyeongsangnam-do","Haman-gun",38320,"economy","company","total","count","6906"
2010,"Gyeongsangnam-do","Haman-gun",38320,"economy","company","total","count","4744"
2015,"Gyeongsangnam-do","Changnyeong-gun",38330,"economy","company","total","count","5163"
2010,"Gyeongsangnam-do","Changnyeong-gun",38330,"economy","company","total","count","4354"
2020,"Gyeongsangnam-do","Changnyeong-gun",38330,"economy","company","total","count","6921"
2010,"Gyeongsangnam-do","Goseong-gun",38340,"economy","company","total","count","3824"
2020,"Gyeongsangnam-do","Goseong-gun",38340,"economy","company","total","count","6093"
2015,"Gyeongsangnam-do","Goseong-gun",38340,"economy","company","total","count","4552"
2010,"Gyeongsangnam-do","Namhae-gun",38350,"economy","company","total","count","4019"
2020,"Gyeongsangnam-do","Namhae-gun",38350,"economy","company","total","count","5538"
2015,"Gyeongsangnam-do","Namhae-gun",38350,"economy","company","total","count","4388"
2020,"Gyeongsangnam-do","Hadong-gun",38360,"economy","company","total","count","5832"
2015,"Gyeongsangnam-do","Hadong-gun",38360,"economy","company","total","count","3927"
2010,"Gyeongsangnam-do","Hadong-gun",38360,"economy","company","total","count","3373"
2020,"Gyeongsangnam-do","Sancheong-gun",38370,"economy","company","total","count","4743"
2015,"Gyeongsangnam-do","Sancheong-gun",38370,"economy","company","total","count","3117"
2010,"Gyeongsangnam-do","Sancheong-gun",38370,"economy","company","total","count","2190"
2010,"Gyeongsangnam-do","Hamyang-gun",38380,"economy","company","total","count","3007"
2015,"Gyeongsangnam-do","Hamyang-gun",38380,"economy","company","total","count","3372"
2020,"Gyeongsangnam-do","Hamyang-gun",38380,"economy","company","total","count","4545"
2010,"Gyeongsangnam-do","Geochang-gun",38390,"economy","company","total","count","4256"
2020,"Gyeongsangnam-do","Geochang-gun",38390,"economy","company","total","count","7358"
2015,"Gyeongsangnam-do","Geochang-gun",38390,"economy","company","total","count","4705"
2020,"Gyeongsangnam-do","Hapcheon-gun",38400,"economy","company","total","count","5043"
2015,"Gyeongsangnam-do","Hapcheon-gun",38400,"economy","company","total","count","3435"
2010,"Gyeongsangnam-do","Hapcheon-gun",38400,"economy","company","total","count","3253"
2020,"Jeju-do","Jeju-si",39010,"economy","company","total","count","70039"
2015,"Jeju-do","Jeju-si",39010,"economy","company","total","count","40917"
2010,"Jeju-do","Jeju-si",39010,"economy","company","total","count","33839"
2015,"Jeju-do","Seogwipo-si",39020,"economy","company","total","count","14238"
2020,"Jeju-do","Seogwipo-si",39020,"economy","company","total","count","23962"
2010,"Jeju-do","Seogwipo-si",39020,"economy","company","total","count","11991"
