sido_kr,sigungu_kr,sigungu_1_kr,sigungu_2_kr,sido_en,sigun_en,sigungu_1_en,sigungu_2_en,sdsgg_en,base_year,tax_exclude
서울특별시,종로구,종로구,종로구,Seoul,Jongno-gu,Jongno-gu,Jongno-gu,Jongno-gu Seoul,2020,
서울특별시,중구,중구,중구,Seoul,Jung-gu,Jung-gu,Jung-gu,Jung-gu Seoul,2020,
서울특별시,용산구,용산구,용산구,Seoul,Yongsan-gu,Yongsan-gu,Yongsan-gu,Yongsan-gu Seoul,2020,
서울특별시,성동구,성동구,성동구,Seoul,Seongdong-gu,Seongdong-gu,Seongdong-gu,Seongdong-gu Seoul,2020,
서울특별시,광진구,광진구,광진구,Seoul,Gwangjin-gu,Gwangjin-gu,Gwangjin-gu,Gwangjin-gu Seoul,2020,
서울특별시,동대문구,동대문구,동대문구,Seoul,Dongdaemun-gu,Dongdaemun-gu,Dongdaemun-gu,Dongdaemun-gu Seoul,2020,
서울특별시,중랑구,중랑구,중랑구,Seoul,Jungnang-gu,Jungnang-gu,Jungnang-gu,Jungnang-gu Seoul,2020,
서울특별시,성북구,성북구,성북구,Seoul,Seongbuk-gu,Seongbuk-gu,Seongbuk-gu,Seongbuk-gu Seoul,2020,
서울특별시,강북구,강북구,강북구,Seoul,Gangbuk-gu,Gangbuk-gu,Gangbuk-gu,Gangbuk-gu Seoul,2020,
서울특별시,도봉구,도봉구,도봉구,Seoul,Dobong-gu,Dobong-gu,Dobong-gu,Dobong-gu Seoul,2020,
서울특별시,노원구,노원구,노원구,Seoul,Nowon-gu,Nowon-gu,Nowon-gu,Nowon-gu Seoul,2020,
서울특별시,은평구,은평구,은평구,Seoul,Eunpyeong-gu,Eunpyeong-gu,Eunpyeong-gu,Eunpyeong-gu Seoul,2020,
서울특별시,서대문구,서대문구,서대문구,Seoul,Seodaemun-gu,Seodaemun-gu,Seodaemun-gu,Seodaemun-gu Seoul,2020,
서울특별시,마포구,마포구,마포구,Seoul,Mapo-gu,Mapo-gu,Mapo-gu,Mapo-gu Seoul,2020,
서울특별시,양천구,양천구,양천구,Seoul,Yangcheon-gu,Yangcheon-gu,Yangcheon-gu,Yangcheon-gu Seoul,2020,
서울특별시,강서구,강서구,강서구,Seoul,Gangseo-gu,Gangseo-gu,Gangseo-gu,Gangseo-gu Seoul,2020,
서울특별시,구로구,구로구,구로구,Seoul,Guro-gu,Guro-gu,Guro-gu,Guro-gu Seoul,2020,
서울특별시,금천구,금천구,금천구,Seoul,Geumcheon-gu,Geumcheon-gu,Geumcheon-gu,Geumcheon-gu Seoul,2020,
서울특별시,영등포구,영등포구,영등포구,Seoul,Yeongdeungpo-gu,Yeongdeungpo-gu,Yeongdeungpo-gu,Yeongdeungpo-gu Seoul,2020,
서울특별시,동작구,동작구,동작구,Seoul,Dongjak-gu,Dongjak-gu,Dongjak-gu,Dongjak-gu Seoul,2020,
서울특별시,관악구,관악구,관악구,Seoul,Gwanak-gu,Gwanak-gu,Gwanak-gu,Gwanak-gu Seoul,2020,
서울특별시,서초구,서초구,서초구,Seoul,Seocho-gu,Seocho-gu,Seocho-gu,Seocho-gu Seoul,2020,
서울특별시,강남구,강남구,강남구,Seoul,Gangnam-gu,Gangnam-gu,Gangnam-gu,Gangnam-gu Seoul,2020,
서울특별시,송파구,송파구,송파구,Seoul,Songpa-gu,Songpa-gu,Songpa-gu,Songpa-gu Seoul,2020,
서울특별시,강동구,강동구,강동구,Seoul,Gangdong-gu,Gangdong-gu,Gangdong-gu,Gangdong-gu Seoul,2020,
부산광역시,중구,중구,중구,Busan,Jung-gu,Jung-gu,Jung-gu,Jung-gu Busan,2020,
부산광역시,서구,서구,서구,Busan,Seo-gu,Seo-gu,Seo-gu,Seo-gu Busan,2020,
부산광역시,동구,동구,동구,Busan,Dong-gu,Dong-gu,Dong-gu,Dong-gu Busan,2020,
부산광역시,영도구,영도구,영도구,Busan,Yeongdo-gu,Yeongdo-gu,Yeongdo-gu,Yeongdo-gu Busan,2020,
부산광역시,부산진구,부산진구,부산진구,Busan,Busanjin-gu,Busanjin-gu,Busanjin-gu,Busanjin-gu Busan,2020,
부산광역시,동래구,동래구,동래구,Busan,Dongnae-gu,Dongnae-gu,Dongnae-gu,Dongnae-gu Busan,2020,
부산광역시,남구,남구,남구,Busan,Nam-gu,Nam-gu,Nam-gu,Nam-gu Busan,2020,
부산광역시,북구,북구,북구,Busan,Buk-gu,Buk-gu,Buk-gu,Buk-gu Busan,2020,
부산광역시,해운대구,해운대구,해운대구,Busan,Haeundae-gu,Haeundae-gu,Haeundae-gu,Haeundae-gu Busan,2020,
부산광역시,사하구,사하구,사하구,Busan,Saha-gu,Saha-gu,Saha-gu,Saha-gu Busan,2020,
부산광역시,금정구,금정구,금정구,Busan,Geumjeong-gu,Geumjeong-gu,Geumjeong-gu,Geumjeong-gu Busan,2020,
부산광역시,강서구,강서구,강서구,Busan,Gangseo-gu,Gangseo-gu,Gangseo-gu,Gangseo-gu Busan,2020,
부산광역시,연제구,연제구,연제구,Busan,Yeonje-gu,Yeonje-gu,Yeonje-gu,Yeonje-gu Busan,2020,
부산광역시,수영구,수영구,수영구,Busan,Suyeong-gu,Suyeong-gu,Suyeong-gu,Suyeong-gu Busan,2020,
부산광역시,사상구,사상구,사상구,Busan,Sasang-gu,Sasang-gu,Sasang-gu,Sasang-gu Busan,2020,
부산광역시,기장군,기장군,기장군,Busan,Gijang-gun,Gijang-gun,Gijang-gun,Gijang-gun Busan,2020,
대구광역시,중구,중구,중구,Daegu,Jung-gu,Jung-gu,Jung-gu,Jung-gu Daegu,2020,
대구광역시,동구,동구,동구,Daegu,Dong-gu,Dong-gu,Dong-gu,Dong-gu Daegu,2020,
대구광역시,서구,서구,서구,Daegu,Seo-gu,Seo-gu,Seo-gu,Seo-gu Daegu,2020,
대구광역시,남구,남구,남구,Daegu,Nam-gu,Nam-gu,Nam-gu,Nam-gu Daegu,2020,
대구광역시,북구,북구,북구,Daegu,Buk-gu,Buk-gu,Buk-gu,Buk-gu Daegu,2020,
대구광역시,수성구,수성구,수성구,Daegu,Suseong-gu,Suseong-gu,Suseong-gu,Suseong-gu Daegu,2020,
대구광역시,달서구,달서구,달서구,Daegu,Dalseo-gu,Dalseo-gu,Dalseo-gu,Dalseo-gu Daegu,2020,
대구광역시,달성군,달성군,달성군,Daegu,Dalseong-gun,Dalseong-gun,Dalseong-gun,Dalseong-gun Daegu,2020,
경상북도,군위군,군위군,군위군,Gyeongsangbuk-do,Gunwi-gun,Gunwi-gun,Gunwi-gun,Gunwi-gun Gyeongsangbuk-do,2020,1
대구광역시,군위군,군위군,군위군,Daegu,Gunwi-gun,Gunwi-gun,Gunwi-gun,Gunwi-gun Daegu,2020,
인천광역시,중구,중구,중구,Incheon,Jung-gu,Jung-gu,Jung-gu,Jung-gu Incheon,2020,
인천광역시,동구,동구,동구,Incheon,Dong-gu,Dong-gu,Dong-gu,Dong-gu Incheon,2020,
인천광역시,연수구,연수구,연수구,Incheon,Yeonsu-gu,Yeonsu-gu,Yeonsu-gu,Yeonsu-gu Incheon,2020,
인천광역시,남동구,남동구,남동구,Incheon,Namdong-gu,Namdong-gu,Namdong-gu,Namdong-gu Incheon,2020,
인천광역시,부평구,부평구,부평구,Incheon,Bupyeong-gu,Bupyeong-gu,Bupyeong-gu,Bupyeong-gu Incheon,2020,
인천광역시,계양구,계양구,계양구,Incheon,Gyeyang-gu,Gyeyang-gu,Gyeyang-gu,Gyeyang-gu Incheon,2020,
인천광역시,서구,서구,서구,Incheon,Seo-gu,Seo-gu,Seo-gu,Seo-gu Incheon,2020,
인천광역시,미추홀구,미추홀구,미추홀구,Incheon,Michuhol-gu,Michuhol-gu,Michuhol-gu,Michuhol-gu Incheon,2020,
인천광역시,강화군,강화군,강화군,Incheon,Ganghwa-gun,Ganghwa-gun,Ganghwa-gun,Ganghwa-gun Incheon,2020,
인천광역시,옹진군,옹진군,옹진군,Incheon,Ongjin-gun,Ongjin-gun,Ongjin-gun,Ongjin-gun Incheon,2020,
광주광역시,동구,동구,동구,Gwangju,Dong-gu,Dong-gu,Dong-gu,Dong-gu Gwangju,2020,
광주광역시,서구,서구,서구,Gwangju,Seo-gu,Seo-gu,Seo-gu,Seo-gu Gwangju,2020,
광주광역시,남구,남구,남구,Gwangju,Nam-gu,Nam-gu,Nam-gu,Nam-gu Gwangju,2020,
광주광역시,북구,북구,북구,Gwangju,Buk-gu,Buk-gu,Buk-gu,Buk-gu Gwangju,2020,
광주광역시,광산구,광산구,광산구,Gwangju,Gwangsan-gu,Gwangsan-gu,Gwangsan-gu,Gwangsan-gu Gwangju,2020,
대전광역시,동구,동구,동구,Daejeon,Dong-gu,Dong-gu,Dong-gu,Dong-gu Daejeon,2020,
대전광역시,중구,중구,중구,Daejeon,Jung-gu,Jung-gu,Jung-gu,Jung-gu Daejeon,2020,
대전광역시,서구,서구,서구,Daejeon,Seo-gu,Seo-gu,Seo-gu,Seo-gu Daejeon,2020,
대전광역시,유성구,유성구,유성구,Daejeon,Yuseong-gu,Yuseong-gu,Yuseong-gu,Yuseong-gu Daejeon,2020,
대전광역시,대덕구,대덕구,대덕구,Daejeon,Daedeok-gu,Daedeok-gu,Daedeok-gu,Daedeok-gu Daejeon,2020,
울산광역시,중구,중구,중구,Ulsan,Jung-gu,Jung-gu,Jung-gu,Jung-gu Ulsan,2020,
울산광역시,남구,남구,남구,Ulsan,Nam-gu,Nam-gu,Nam-gu,Nam-gu Ulsan,2020,
울산광역시,동구,동구,동구,Ulsan,Dong-gu,Dong-gu,Dong-gu,Dong-gu Ulsan,2020,
울산광역시,북구,북구,북구,Ulsan,Buk-gu,Buk-gu,Buk-gu,Buk-gu Ulsan,2020,
울산광역시,울주군,울주군,울주군,Ulsan,Ulju-gun,Ulju-gun,Ulju-gun,Ulju-gun Ulsan,2020,
세종특별자치시,세종시,세종시,세종시,Sejong City,Sejong City,Sejong City,Sejong City,Sejong City Sejong City,2020,
경기도,수원시 장안구,수원시 ,장안구,Gyeonggi-do,Suwon-si,Jangan-gu,Jangan-gu Suwon-si,Jangan-gu Suwon-si Gyeonggi-do,2020,
경기도,수원시 권선구,수원시 ,권선구,Gyeonggi-do,Suwon-si,Gwonseon-gu,Gwonseon-gu Suwon-si,Gwonseon-gu Suwon-si Gyeonggi-do,2020,
경기도,수원시 팔달구,수원시 ,팔달구,Gyeonggi-do,Suwon-si,Paldal-gu,Paldal-gu Suwon-si,Paldal-gu Suwon-si Gyeonggi-do,2020,
경기도,수원시 영통구,수원시 ,영통구,Gyeonggi-do,Suwon-si,Yeongtong-gu,Yeongtong-gu Suwon-si,Yeongtong-gu Suwon-si Gyeonggi-do,2020,
경기도,성남시 수정구,성남시 ,수정구,Gyeonggi-do,Seongnam-si,Sujeong-gu,Sujeong-gu Seongnam-si,Sujeong-gu Seongnam-si Gyeonggi-do,2020,
경기도,성남시 중원구,성남시 ,중원구,Gyeonggi-do,Seongnam-si,Jungwon-gu,Jungwon-gu Seongnam-si,Jungwon-gu Seongnam-si Gyeonggi-do,2020,
경기도,성남시 분당구,성남시 ,분당구,Gyeonggi-do,Seongnam-si,Bundang-gu,Bundang-gu Seongnam-si,Bundang-gu Seongnam-si Gyeonggi-do,2020,
경기도,의정부시,의정부시,의정부시,Gyeonggi-do,Uijeongbu-si,Uijeongbu-si,Uijeongbu-si,Uijeongbu-si Gyeonggi-do,2020,
경기도,안양시 만안구,안양시,만안구,Gyeonggi-do,Anyang-si,Manan-gu,Manan-gu Anyang-si,Manan-gu Anyang-si Gyeonggi-do,2020,
경기도,안양시 동안구,안양시,동안구,Gyeonggi-do,Anyang-si,Dongan-gu,Dongan-gu Anyang-si,Dongan-gu Anyang-si Gyeonggi-do,2020,
경기도,부천시,부천시,부천시,Gyeonggi-do,Bucheon-si,Bucheon-si,Bucheon-si,Bucheon-si Gyeonggi-do,2020,
경기도,광명시,광명시,광명시,Gyeonggi-do,Gwangmyeong-si,Gwangmyeong-si,Gwangmyeong-si,Gwangmyeong-si Gyeonggi-do,2020,
경기도,평택시,평택시,평택시,Gyeonggi-do,Pyeongtaek-si,Pyeongtaek-si,Pyeongtaek-si,Pyeongtaek-si Gyeonggi-do,2020,
경기도,동두천시,동두천시,동두천시,Gyeonggi-do,Dongducheon-si,Dongducheon-si,Dongducheon-si,Dongducheon-si Gyeonggi-do,2020,
경기도,안산시 상록구,안산시,상록구,Gyeonggi-do,Ansan-si,Sangnok-gu,Sangnok-gu Ansan-si,Sangnok-gu Ansan-si Gyeonggi-do,2020,
경기도,안산시 단원구,안산시,단원구,Gyeonggi-do,Ansan-si,Danwon-gu,Danwon-gu Ansan-si,Danwon-gu Ansan-si Gyeonggi-do,2020,
경기도,고양시 덕양구,고양시,덕양구,Gyeonggi-do,Goyang-si,Deogyang-gu,Deogyang-gu Goyang-si,Deogyang-gu Goyang-si Gyeonggi-do,2020,
경기도,고양시 일산동구,고양시,일산동구,Gyeonggi-do,Goyang-si,Ilsandong-gu,Ilsandong-gu Goyang-si,Ilsandong-gu Goyang-si Gyeonggi-do,2020,
경기도,고양시 일산서구,고양시,일산서구,Gyeonggi-do,Goyang-si,Ilsanseo-gu,Ilsanseo-gu Goyang-si,Ilsanseo-gu Goyang-si Gyeonggi-do,2020,
경기도,과천시,과천시,과천시,Gyeonggi-do,Gwacheon-si,Gwacheon-si,Gwacheon-si,Gwacheon-si Gyeonggi-do,2020,
경기도,구리시,구리시,구리시,Gyeonggi-do,Guri-si,Guri-si,Guri-si,Guri-si Gyeonggi-do,2020,
경기도,남양주시,남양주시,남양주시,Gyeonggi-do,Namyangju-si,Namyangju-si,Namyangju-si,Namyangju-si Gyeonggi-do,2020,
경기도,오산시,오산시,오산시,Gyeonggi-do,Osan-si,Osan-si,Osan-si,Osan-si Gyeonggi-do,2020,
경기도,시흥시,시흥시,시흥시,Gyeonggi-do,Siheung-si,Siheung-si,Siheung-si,Siheung-si Gyeonggi-do,2020,
경기도,군포시,군포시,군포시,Gyeonggi-do,Gunpo-si,Gunpo-si,Gunpo-si,Gunpo-si Gyeonggi-do,2020,
경기도,의왕시,의왕시,의왕시,Gyeonggi-do,Uiwang-si,Uiwang-si,Uiwang-si,Uiwang-si Gyeonggi-do,2020,
경기도,하남시,하남시,하남시,Gyeonggi-do,Hanam-si,Hanam-si,Hanam-si,Hanam-si Gyeonggi-do,2020,
경기도,용인시 처인구,용인시 ,처인구,Gyeonggi-do,Yongin-si,Cheoin-gu,Cheoin-gu Yongin-si,Cheoin-gu Yongin-si Gyeonggi-do,2020,
경기도,용인시 기흥구,용인시 ,기흥구,Gyeonggi-do,Yongin-si,Giheung-gu,Giheung-gu Yongin-si,Giheung-gu Yongin-si Gyeonggi-do,2020,
경기도,용인시 수지구,용인시 ,수지구,Gyeonggi-do,Yongin-si,Suji-gu,Suji-gu Yongin-si,Suji-gu Yongin-si Gyeonggi-do,2020,
경기도,파주시,파주시,파주시,Gyeonggi-do,Paju-si,Paju-si,Paju-si,Paju-si Gyeonggi-do,2020,
경기도,이천시,이천시,이천시,Gyeonggi-do,Icheon-si,Icheon-si,Icheon-si,Icheon-si Gyeonggi-do,2020,
경기도,안성시,안성시,안성시,Gyeonggi-do,Anseong-si,Anseong-si,Anseong-si,Anseong-si Gyeonggi-do,2020,
경기도,김포시,김포시,김포시,Gyeonggi-do,Gimpo-si,Gimpo-si,Gimpo-si,Gimpo-si Gyeonggi-do,2020,
경기도,화성시,화성시,화성시,Gyeonggi-do,Hwaseong-si,Hwaseong-si,Hwaseong-si,Hwaseong-si Gyeonggi-do,2020,
경기도,광주시,광주시,광주시,Gyeonggi-do,Gwangju-si,Gwangju-si,Gwangju-si,Gwangju-si Gyeonggi-do,2020,
경기도,양주시,양주시,양주시,Gyeonggi-do,Yangju-si,Yangju-si,Yangju-si,Yangju-si Gyeonggi-do,2020,
경기도,포천시,포천시,포천시,Gyeonggi-do,Pocheon-si,Pocheon-si,Pocheon-si,Pocheon-si Gyeonggi-do,2020,
경기도,여주시,여주시,여주시,Gyeonggi-do,Yeoju-si,Yeoju-si,Yeoju-si,Yeoju-si Gyeonggi-do,2020,
경기도,연천군,연천군,연천군,Gyeonggi-do,Yeoncheon-gun,Yeoncheon-gun,Yeoncheon-gun,Yeoncheon-gun Gyeonggi-do,2020,
경기도,가평군,가평군,가평군,Gyeonggi-do,Gapyeong-gun,Gapyeong-gun,Gapyeong-gun,Gapyeong-gun Gyeonggi-do,2020,
경기도,양평군,양평군,양평군,Gyeonggi-do,Yangpyeong-gun,Yangpyeong-gun,Yangpyeong-gun,Yangpyeong-gun Gyeonggi-do,2020,
강원특별자치도,춘천시,춘천시,춘천시,Gangwon State,Chuncheon-si,Chuncheon-si,Chuncheon-si,Chuncheon-si Gangwon State,2020,
강원특별자치도,원주시,원주시,원주시,Gangwon State,Wonju-si,Wonju-si,Wonju-si,Wonju-si Gangwon State,2020,
강원특별자치도,강릉시,강릉시,강릉시,Gangwon State,Gangneung-si,Gangneung-si,Gangneung-si,Gangneung-si Gangwon State,2020,
강원특별자치도,동해시,동해시,동해시,Gangwon State,Donghae-si,Donghae-si,Donghae-si,Donghae-si Gangwon State,2020,
강원특별자치도,태백시,태백시,태백시,Gangwon State,Taebaek-si,Taebaek-si,Taebaek-si,Taebaek-si Gangwon State,2020,
강원특별자치도,속초시,속초시,속초시,Gangwon State,Sokcho-si,Sokcho-si,Sokcho-si,Sokcho-si Gangwon State,2020,
강원특별자치도,삼척시,삼척시,삼척시,Gangwon State,Samcheok-si,Samcheok-si,Samcheok-si,Samcheok-si Gangwon State,2020,
강원특별자치도,홍천군,홍천군,홍천군,Gangwon State,Hongcheon-gun,Hongcheon-gun,Hongcheon-gun,Hongcheon-gun Gangwon State,2020,
강원특별자치도,횡성군,횡성군,횡성군,Gangwon State,Hoengseong-gun,Hoengseong-gun,Hoengseong-gun,Hoengseong-gun Gangwon State,2020,
강원특별자치도,영월군,영월군,영월군,Gangwon State,Yeongwol-gun,Yeongwol-gun,Yeongwol-gun,Yeongwol-gun Gangwon State,2020,
강원특별자치도,평창군,평창군,평창군,Gangwon State,Pyeongchang-gun,Pyeongchang-gun,Pyeongchang-gun,Pyeongchang-gun Gangwon State,2020,
강원특별자치도,정선군,정선군,정선군,Gangwon State,Jeongseon-gun,Jeongseon-gun,Jeongseon-gun,Jeongseon-gun Gangwon State,2020,
강원특별자치도,철원군,철원군,철원군,Gangwon State,Cheorwon-gun,Cheorwon-gun,Cheorwon-gun,Cheorwon-gun Gangwon State,2020,
강원특별자치도,화천군,화천군,화천군,Gangwon State,Hwacheon-gun,Hwacheon-gun,Hwacheon-gun,Hwacheon-gun Gangwon State,2020,
강원특별자치도,양구군,양구군,양구군,Gangwon State,Yanggu-gun,Yanggu-gun,Yanggu-gun,Yanggu-gun Gangwon State,2020,
강원특별자치도,인제군,인제군,인제군,Gangwon State,Inje-gun,Inje-gun,Inje-gun,Inje-gun Gangwon State,2020,
강원특별자치도,고성군,고성군,고성군,Gangwon State,Goseong-gun,Goseong-gun,Goseong-gun,Goseong-gun Gangwon State,2020,
강원특별자치도,양양군,양양군,양양군,Gangwon State,Yangyang-gun,Yangyang-gun,Yangyang-gun,Yangyang-gun Gangwon State,2020,
충청북도,충주시,충주시,충주시,Chungcheongbuk-do,Chungju-si,Chungju-si,Chungju-si,Chungju-si Chungcheongbuk-do,2020,
충청북도,제천시,제천시,제천시,Chungcheongbuk-do,Jecheon-si,Jecheon-si,Jecheon-si,Jecheon-si Chungcheongbuk-do,2020,
충청북도,청주시 상당구,청주시 ,상당구,Chungcheongbuk-do,Cheongju-si,Sangdang-gu,Sangdang-gu Cheongju-si,Sangdang-gu Cheongju-si Chungcheongbuk-do,2020,
충청북도,청주시 서원구,청주시 ,서원구,Chungcheongbuk-do,Cheongju-si,Seowon-gu,Seowon-gu Cheongju-si,Seowon-gu Cheongju-si Chungcheongbuk-do,2020,
충청북도,청주시 흥덕구,청주시 ,흥덕구,Chungcheongbuk-do,Cheongju-si,Heungdeok-gu,Heungdeok-gu Cheongju-si,Heungdeok-gu Cheongju-si Chungcheongbuk-do,2020,
충청북도,청주시 청원구,청주시 ,청원구,Chungcheongbuk-do,Cheongju-si,Cheongwon-gu,Cheongwon-gu Cheongju-si,Cheongwon-gu Cheongju-si Chungcheongbuk-do,2020,
충청북도,보은군,보은군,보은군,Chungcheongbuk-do,Boeun-gun,Boeun-gun,Boeun-gun,Boeun-gun Chungcheongbuk-do,2020,
충청북도,옥천군,옥천군,옥천군,Chungcheongbuk-do,Okcheon-gun,Okcheon-gun,Okcheon-gun,Okcheon-gun Chungcheongbuk-do,2020,
충청북도,영동군,영동군,영동군,Chungcheongbuk-do,Yeongdong-gun,Yeongdong-gun,Yeongdong-gun,Yeongdong-gun Chungcheongbuk-do,2020,
충청북도,진천군,진천군,진천군,Chungcheongbuk-do,Jincheon-gun,Jincheon-gun,Jincheon-gun,Jincheon-gun Chungcheongbuk-do,2020,
충청북도,괴산군,괴산군,괴산군,Chungcheongbuk-do,Goesan-gun,Goesan-gun,Goesan-gun,Goesan-gun Chungcheongbuk-do,2020,
충청북도,음성군,음성군,음성군,Chungcheongbuk-do,Eumseong-gun,Eumseong-gun,Eumseong-gun,Eumseong-gun Chungcheongbuk-do,2020,
충청북도,단양군,단양군,단양군,Chungcheongbuk-do,Danyang-gun,Danyang-gun,Danyang-gun,Danyang-gun Chungcheongbuk-do,2020,
충청북도,증평군,증평군,증평군,Chungcheongbuk-do,Jeungpyeong-gun,Jeungpyeong-gun,Jeungpyeong-gun,Jeungpyeong-gun Chungcheongbuk-do,2020,
충청남도,천안시 동남구,천안시,동남구,Chungcheongnam-do,Cheonan-si,Dongnam-gu,Dongnam-gu Cheonan-si,Dongnam-gu Cheonan-si Chungcheongnam-do,2020,
충청남도,천안시 서북구,천안시,서북구,Chungcheongnam-do,Cheonan-si,Seobuk-gu,Seobuk-gu Cheonan-si,Seobuk-gu Cheonan-si Chungcheongnam-do,2020,
충청남도,공주시,공주시,공주시,Chungcheongnam-do,Gongju-si,Gongju-si,Gongju-si,Gongju-si Chungcheongnam-do,2020,
충청남도,보령시,보령시,보령시,Chungcheongnam-do,Boryeong-si,Boryeong-si,Boryeong-si,Boryeong-si Chungcheongnam-do,2020,
충청남도,아산시,아산시,아산시,Chungcheongnam-do,Asan-si,Asan-si,Asan-si,Asan-si Chungcheongnam-do,2020,
충청남도,서산시,서산시,서산시,Chungcheongnam-do,Seosan-si,Seosan-si,Seosan-si,Seosan-si Chungcheongnam-do,2020,
충청남도,논산시,논산시,논산시,Chungcheongnam-do,Nonsan-si,Nonsan-si,Nonsan-si,Nonsan-si Chungcheongnam-do,2020,
충청남도,계룡시,계룡시,계룡시,Chungcheongnam-do,Gyeryong-si,Gyeryong-si,Gyeryong-si,Gyeryong-si Chungcheongnam-do,2020,
충청남도,당진시,당진시,당진시,Chungcheongnam-do,Dangjin-si,Dangjin-si,Dangjin-si,Dangjin-si Chungcheongnam-do,2020,
충청남도,금산군,금산군,금산군,Chungcheongnam-do,Geumsan-gun,Geumsan-gun,Geumsan-gun,Geumsan-gun Chungcheongnam-do,2020,
충청남도,부여군,부여군,부여군,Chungcheongnam-do,Buyeo-gun,Buyeo-gun,Buyeo-gun,Buyeo-gun Chungcheongnam-do,2020,
충청남도,서천군,서천군,서천군,Chungcheongnam-do,Seocheon-gun,Seocheon-gun,Seocheon-gun,Seocheon-gun Chungcheongnam-do,2020,
충청남도,청양군,청양군,청양군,Chungcheongnam-do,Cheongyang-gun,Cheongyang-gun,Cheongyang-gun,Cheongyang-gun Chungcheongnam-do,2020,
충청남도,홍성군,홍성군,홍성군,Chungcheongnam-do,Hongseong-gun,Hongseong-gun,Hongseong-gun,Hongseong-gun Chungcheongnam-do,2020,
충청남도,예산군,예산군,예산군,Chungcheongnam-do,Yesan-gun,Yesan-gun,Yesan-gun,Yesan-gun Chungcheongnam-do,2020,
충청남도,태안군,태안군,태안군,Chungcheongnam-do,Taean-gun,Taean-gun,Taean-gun,Taean-gun Chungcheongnam-do,2020,
전라북도,전주시 완산구,전주시,완산구,Jeollabuk-do,Jeonju-si,Wansan-gu,Wansan-gu Jeonju-si,Wansan-gu Jeonju-si Jeollabuk-do,2020,
전라북도,전주시 덕진구,전주시,덕진구,Jeollabuk-do,Jeonju-si,Deokjin-gu,Deokjin-gu Jeonju-si,Deokjin-gu Jeonju-si Jeollabuk-do,2020,
전라북도,군산시,군산시,군산시,Jeollabuk-do,Gunsan-si,Gunsan-si,Gunsan-si,Gunsan-si Jeollabuk-do,2020,
전라북도,익산시,익산시,익산시,Jeollabuk-do,Iksan-si,Iksan-si,Iksan-si,Iksan-si Jeollabuk-do,2020,
전라북도,정읍시,정읍시,정읍시,Jeollabuk-do,Jeongeup-si,Jeongeup-si,Jeongeup-si,Jeongeup-si Jeollabuk-do,2020,
전라북도,남원시,남원시,남원시,Jeollabuk-do,Namwon-si,Namwon-si,Namwon-si,Namwon-si Jeollabuk-do,2020,
전라북도,김제시,김제시,김제시,Jeollabuk-do,Gimje-si,Gimje-si,Gimje-si,Gimje-si Jeollabuk-do,2020,
전라북도,완주군,완주군,완주군,Jeollabuk-do,Wanju-gun,Wanju-gun,Wanju-gun,Wanju-gun Jeollabuk-do,2020,
전라북도,진안군,진안군,진안군,Jeollabuk-do,Jinan-gun,Jinan-gun,Jinan-gun,Jinan-gun Jeollabuk-do,2020,
전라북도,무주군,무주군,무주군,Jeollabuk-do,Muju-gun,Muju-gun,Muju-gun,Muju-gun Jeollabuk-do,2020,
전라북도,장수군,장수군,장수군,Jeollabuk-do,Jangsu-gun,Jangsu-gun,Jangsu-gun,Jangsu-gun Jeollabuk-do,2020,
전라북도,임실군,임실군,임실군,Jeollabuk-do,Imsil-gun,Imsil-gun,Imsil-gun,Imsil-gun Jeollabuk-do,2020,
전라북도,순창군,순창군,순창군,Jeollabuk-do,Sunchang-gun,Sunchang-gun,Sunchang-gun,Sunchang-gun Jeollabuk-do,2020,
전라북도,고창군,고창군,고창군,Jeollabuk-do,Gochang-gun,Gochang-gun,Gochang-gun,Gochang-gun Jeollabuk-do,2020,
전라북도,부안군,부안군,부안군,Jeollabuk-do,Buan-gun,Buan-gun,Buan-gun,Buan-gun Jeollabuk-do,2020,
전라남도,목포시,목포시,목포시,Jeollanam-do,Mokpo-si,Mokpo-si,Mokpo-si,Mokpo-si Jeollanam-do,2020,
전라남도,여수시,여수시,여수시,Jeollanam-do,Yeosu-si,Yeosu-si,Yeosu-si,Yeosu-si Jeollanam-do,2020,
전라남도,순천시,순천시,순천시,Jeollanam-do,Suncheon-si,Suncheon-si,Suncheon-si,Suncheon-si Jeollanam-do,2020,
전라남도,나주시,나주시,나주시,Jeollanam-do,Naju-si,Naju-si,Naju-si,Naju-si Jeollanam-do,2020,
전라남도,광양시,광양시,광양시,Jeollanam-do,Gwangyang-si,Gwangyang-si,Gwangyang-si,Gwangyang-si Jeollanam-do,2020,
전라남도,담양군,담양군,담양군,Jeollanam-do,Damyang-gun,Damyang-gun,Damyang-gun,Damyang-gun Jeollanam-do,2020,
전라남도,곡성군,곡성군,곡성군,Jeollanam-do,Gokseong-gun,Gokseong-gun,Gokseong-gun,Gokseong-gun Jeollanam-do,2020,
전라남도,구례군,구례군,구례군,Jeollanam-do,Gurye-gun,Gurye-gun,Gurye-gun,Gurye-gun Jeollanam-do,2020,
전라남도,고흥군,고흥군,고흥군,Jeollanam-do,Goheung-gun,Goheung-gun,Goheung-gun,Goheung-gun Jeollanam-do,2020,
전라남도,보성군,보성군,보성군,Jeollanam-do,Boseong-gun,Boseong-gun,Boseong-gun,Boseong-gun Jeollanam-do,2020,
전라남도,화순군,화순군,화순군,Jeollanam-do,Hwasun-gun,Hwasun-gun,Hwasun-gun,Hwasun-gun Jeollanam-do,2020,
전라남도,장흥군,장흥군,장흥군,Jeollanam-do,Jangheung-gun,Jangheung-gun,Jangheung-gun,Jangheung-gun Jeollanam-do,2020,
전라남도,강진군,강진군,강진군,Jeollanam-do,Gangjin-gun,Gangjin-gun,Gangjin-gun,Gangjin-gun Jeollanam-do,2020,
전라남도,해남군,해남군,해남군,Jeollanam-do,Haenam-gun,Haenam-gun,Haenam-gun,Haenam-gun Jeollanam-do,2020,
전라남도,영암군,영암군,영암군,Jeollanam-do,Yeongam-gun,Yeongam-gun,Yeongam-gun,Yeongam-gun Jeollanam-do,2020,
전라남도,무안군,무안군,무안군,Jeollanam-do,Muan-gun,Muan-gun,Muan-gun,Muan-gun Jeollanam-do,2020,
전라남도,함평군,함평군,함평군,Jeollanam-do,Hampyeong-gun,Hampyeong-gun,Hampyeong-gun,Hampyeong-gun Jeollanam-do,2020,
전라남도,영광군,영광군,영광군,Jeollanam-do,Yeonggwang-gun,Yeonggwang-gun,Yeonggwang-gun,Yeonggwang-gun Jeollanam-do,2020,
전라남도,장성군,장성군,장성군,Jeollanam-do,Jangseong-gun,Jangseong-gun,Jangseong-gun,Jangseong-gun Jeollanam-do,2020,
전라남도,완도군,완도군,완도군,Jeollanam-do,Wando-gun,Wando-gun,Wando-gun,Wando-gun Jeollanam-do,2020,
전라남도,진도군,진도군,진도군,Jeollanam-do,Jindo-gun,Jindo-gun,Jindo-gun,Jindo-gun Jeollanam-do,2020,
전라남도,신안군,신안군,신안군,Jeollanam-do,Sinan-gun,Sinan-gun,Sinan-gun,Sinan-gun Jeollanam-do,2020,
경상북도,포항시 남구,포항시,남구,Gyeongsangbuk-do,Pohang-si,Nam-gu,Nam-gu Pohang-si,Nam-gu Pohang-si Gyeongsangbuk-do,2020,
경상북도,포항시 북구,포항시,북구,Gyeongsangbuk-do,Pohang-si,Buk-gu,Buk-gu Pohang-si,Buk-gu Pohang-si Gyeongsangbuk-do,2020,
경상북도,경주시,경주시,경주시,Gyeongsangbuk-do,Gyeongju-si,Gyeongju-si,Gyeongju-si,Gyeongju-si Gyeongsangbuk-do,2020,
경상북도,김천시,김천시,김천시,Gyeongsangbuk-do,Gimcheon-si,Gimcheon-si,Gimcheon-si,Gimcheon-si Gyeongsangbuk-do,2020,
경상북도,안동시,안동시,안동시,Gyeongsangbuk-do,Andong-si,Andong-si,Andong-si,Andong-si Gyeongsangbuk-do,2020,
경상북도,구미시,구미시,구미시,Gyeongsangbuk-do,Gumi-si,Gumi-si,Gumi-si,Gumi-si Gyeongsangbuk-do,2020,
경상북도,영주시,영주시,영주시,Gyeongsangbuk-do,Yeongju-si,Yeongju-si,Yeongju-si,Yeongju-si Gyeongsangbuk-do,2020,
경상북도,영천시,영천시,영천시,Gyeongsangbuk-do,Yeongcheon-si,Yeongcheon-si,Yeongcheon-si,Yeongcheon-si Gyeongsangbuk-do,2020,
경상북도,상주시,상주시,상주시,Gyeongsangbuk-do,Sangju-si,Sangju-si,Sangju-si,Sangju-si Gyeongsangbuk-do,2020,
경상북도,문경시,문경시,문경시,Gyeongsangbuk-do,Mungyeong-si,Mungyeong-si,Mungyeong-si,Mungyeong-si Gyeongsangbuk-do,2020,
경상북도,경산시,경산시,경산시,Gyeongsangbuk-do,Gyeongsan-si,Gyeongsan-si,Gyeongsan-si,Gyeongsan-si Gyeongsangbuk-do,2020,
경상북도,의성군,의성군,의성군,Gyeongsangbuk-do,Uiseong-gun,Uiseong-gun,Uiseong-gun,Uiseong-gun Gyeongsangbuk-do,2020,
경상북도,청송군,청송군,청송군,Gyeongsangbuk-do,Cheongsong-gun,Cheongsong-gun,Cheongsong-gun,Cheongsong-gun Gyeongsangbuk-do,2020,
경상북도,영양군,영양군,영양군,Gyeongsangbuk-do,Yeongyang-gun,Yeongyang-gun,Yeongyang-gun,Yeongyang-gun Gyeongsangbuk-do,2020,
경상북도,영덕군,영덕군,영덕군,Gyeongsangbuk-do,Yeongdeok-gun,Yeongdeok-gun,Yeongdeok-gun,Yeongdeok-gun Gyeongsangbuk-do,2020,
경상북도,청도군,청도군,청도군,Gyeongsangbuk-do,Cheongdo-gun,Cheongdo-gun,Cheongdo-gun,Cheongdo-gun Gyeongsangbuk-do,2020,
경상북도,고령군,고령군,고령군,Gyeongsangbuk-do,Goryeong-gun,Goryeong-gun,Goryeong-gun,Goryeong-gun Gyeongsangbuk-do,2020,
경상북도,성주군,성주군,성주군,Gyeongsangbuk-do,Seongju-gun,Seongju-gun,Seongju-gun,Seongju-gun Gyeongsangbuk-do,2020,
경상북도,칠곡군,칠곡군,칠곡군,Gyeongsangbuk-do,Chilgok-gun,Chilgok-gun,Chilgok-gun,Chilgok-gun Gyeongsangbuk-do,2020,
경상북도,예천군,예천군,예천군,Gyeongsangbuk-do,Yecheon-gun,Yecheon-gun,Yecheon-gun,Yecheon-gun Gyeongsangbuk-do,2020,
경상북도,봉화군,봉화군,봉화군,Gyeongsangbuk-do,Bonghwa-gun,Bonghwa-gun,Bonghwa-gun,Bonghwa-gun Gyeongsangbuk-do,2020,
경상북도,울진군,울진군,울진군,Gyeongsangbuk-do,Uljin-gun,Uljin-gun,Uljin-gun,Uljin-gun Gyeongsangbuk-do,2020,
경상북도,울릉군,울릉군,울릉군,Gyeongsangbuk-do,Ulleung-gun,Ulleung-gun,Ulleung-gun,Ulleung-gun Gyeongsangbuk-do,2020,
경상남도,진주시,진주시,진주시,Gyeongsangnam-do,Jinju-si,Jinju-si,Jinju-si,Jinju-si Gyeongsangnam-do,2020,
경상남도,통영시,통영시,통영시,Gyeongsangnam-do,Tongyeong-si,Tongyeong-si,Tongyeong-si,Tongyeong-si Gyeongsangnam-do,2020,
경상남도,사천시,사천시,사천시,Gyeongsangnam-do,Sacheon-si,Sacheon-si,Sacheon-si,Sacheon-si Gyeongsangnam-do,2020,
경상남도,김해시,김해시,김해시,Gyeongsangnam-do,Gimhae-si,Gimhae-si,Gimhae-si,Gimhae-si Gyeongsangnam-do,2020,
경상남도,밀양시,밀양시,밀양시,Gyeongsangnam-do,Miryang-si,Miryang-si,Miryang-si,Miryang-si Gyeongsangnam-do,2020,
경상남도,거제시,거제시,거제시,Gyeongsangnam-do,Geoje-si,Geoje-si,Geoje-si,Geoje-si Gyeongsangnam-do,2020,
경상남도,양산시,양산시,양산시,Gyeongsangnam-do,Yangsan-si,Yangsan-si,Yangsan-si,Yangsan-si Gyeongsangnam-do,2020,
경상남도,창원시 의창구,창원시 ,의창구,Gyeongsangnam-do,Changwon-si,Uichang-gu,Uichang-gu Changwon-si,Uichang-gu Changwon-si Gyeongsangnam-do,2020,
경상남도,창원시 성산구,창원시 ,성산구,Gyeongsangnam-do,Changwon-si,Seongsan-gu,Seongsan-gu Changwon-si,Seongsan-gu Changwon-si Gyeongsangnam-do,2020,
경상남도,창원시 마산합포구,창원시 ,마산합포구,Gyeongsangnam-do,Changwon-si,Masanhappo-gu,Masanhappo-gu Changwon-si,Masanhappo-gu Changwon-si Gyeongsangnam-do,2020,
경상남도,창원시 마산회원구,창원시 ,마산회원구,Gyeongsangnam-do,Changwon-si,Masanhoewon-gu,Masanhoewon-gu Changwon-si,Masanhoewon-gu Changwon-si Gyeongsangnam-do,2020,
경상남도,창원시 진해구,창원시 ,진해구,Gyeongsangnam-do,Changwon-si,Jinhae-gu,Jinhae-gu Changwon-si,Jinhae-gu Changwon-si Gyeongsangnam-do,2020,
경상남도,의령군,의령군,의령군,Gyeongsangnam-do,Uiryeong-gun,Uiryeong-gun,Uiryeong-gun,Uiryeong-gun Gyeongsangnam-do,2020,
경상남도,함안군,함안군,함안군,Gyeongsangnam-do,Haman-gun,Haman-gun,Haman-gun,Haman-gun Gyeongsangnam-do,2020,
경상남도,창녕군,창녕군,창녕군,Gyeongsangnam-do,Changnyeong-gun,Changnyeong-gun,Changnyeong-gun,Changnyeong-gun Gyeongsangnam-do,2020,
경상남도,고성군,고성군,고성군,Gyeongsangnam-do,Goseong-gun,Goseong-gun,Goseong-gun,Goseong-gun Gyeongsangnam-do,2020,
경상남도,남해군,남해군,남해군,Gyeongsangnam-do,Namhae-gun,Namhae-gun,Namhae-gun,Namhae-gun Gyeongsangnam-do,2020,
경상남도,하동군,하동군,하동군,Gyeongsangnam-do,Hadong-gun,Hadong-gun,Hadong-gun,Hadong-gun Gyeongsangnam-do,2020,
경상남도,산청군,산청군,산청군,Gyeongsangnam-do,Sancheong-gun,Sancheong-gun,Sancheong-gun,Sancheong-gun Gyeongsangnam-do,2020,
경상남도,함양군,함양군,함양군,Gyeongsangnam-do,Hamyang-gun,Hamyang-gun,Hamyang-gun,Hamyang-gun Gyeongsangnam-do,2020,
경상남도,거창군,거창군,거창군,Gyeongsangnam-do,Geochang-gun,Geochang-gun,Geochang-gun,Geochang-gun Gyeongsangnam-do,2020,
경상남도,합천군,합천군,합천군,Gyeongsangnam-do,Hapcheon-gun,Hapcheon-gun,Hapcheon-gun,Hapcheon-gun Gyeongsangnam-do,2020,
제주특별자치도,제주시,제주시,제주시,Jeju,Jeju-si,Jeju-si,Jeju-si,Jeju-si Jeju,2020,
제주특별자치도,서귀포시,서귀포시,서귀포시,Jeju,Seogwipo-si,Seogwipo-si,Seogwipo-si,Seogwipo-si Jeju,2020,
